# Blender 3.3.21
# www.blender.org
o rueda_atras_der
v 1.144078 0.623574 1.357548
v 1.144078 0.466210 1.329800
v 0.923240 0.466210 1.329800
v 0.923240 0.623574 1.357548
v 1.144078 0.761958 1.437443
v 0.923240 0.761957 1.437443
v 1.144078 0.864670 1.559851
v 0.923240 0.864670 1.559851
v 1.144078 0.919322 1.710006
v 0.923240 0.919322 1.710005
v 1.144078 0.919322 1.869797
v 0.923240 0.919322 1.869797
v 1.144078 0.864670 2.019952
v 1.144078 0.919322 1.869797
v 0.923240 0.919322 1.869797
v 0.923240 0.864669 2.019952
v 1.144079 0.761957 2.142359
v 0.923240 0.761957 2.142359
v 1.144079 0.623574 2.222255
v 0.923240 0.623574 2.222255
v 1.144079 0.466210 2.250003
v 0.923240 0.466210 2.250003
v 1.144079 0.308846 2.222255
v 0.923240 0.308846 2.222255
v 1.144079 0.170463 2.142359
v 0.923240 0.170463 2.142359
v 1.144078 0.067751 2.019952
v 0.923240 0.067751 2.019952
v 1.144078 0.013099 1.869797
v 0.923240 0.013099 1.869797
v 1.144079 0.013099 1.710006
v 0.923240 0.013099 1.710006
v 1.144079 0.067750 1.559851
v 0.923240 0.067750 1.559851
v 1.144079 0.170462 1.437444
v 0.923240 0.170462 1.437444
v 1.144078 0.308846 1.357548
v 0.923240 0.308846 1.357548
v 1.182081 0.552760 1.552106
v 1.182081 0.466210 1.536845
v 1.182081 0.466210 1.368389
v 1.182081 0.610376 1.393809
v 1.182081 0.628872 1.596049
v 1.182081 0.737153 1.467004
v 1.182081 0.685363 1.663373
v 1.182081 0.831251 1.579145
v 1.182081 0.715422 1.745959
v 1.182081 0.881319 1.716706
v 1.182081 0.715422 1.833844
v 1.182081 0.881319 1.863096
v 1.182081 0.685363 1.916430
v 1.182081 0.831251 2.000658
v 1.182081 0.628872 1.983754
v 1.182081 0.737153 2.112799
v 1.182081 0.552761 2.027697
v 1.182081 0.610376 2.185994
v 1.182081 0.466210 2.042958
v 1.182081 0.466210 2.211414
v 1.182081 0.379660 2.027697
v 1.182081 0.322044 2.185994
v 1.182081 0.303549 1.983754
v 1.182081 0.195267 2.112799
v 1.182081 0.247057 1.916430
v 1.182081 0.101169 2.000658
v 1.182081 0.216998 1.833844
v 1.182081 0.051101 1.863097
v 1.182081 0.216998 1.745959
v 1.182081 0.051101 1.716706
v 1.182081 0.247057 1.663373
v 1.182081 0.101169 1.579145
v 1.182081 0.303548 1.596049
v 1.182081 0.195267 1.467004
v 1.182081 0.379659 1.552106
v 1.182081 0.322044 1.393809
v 1.182081 0.466210 1.536845
v 1.182081 0.552760 1.552106
v 1.050790 0.501971 1.587089
v 1.050791 0.623970 1.657525
v 1.182081 0.628872 1.596049
v 1.182081 0.685363 1.663373
v 1.050791 0.672151 1.789901
v 1.182081 0.715422 1.745959
v 1.182081 0.715422 1.833844
v 1.050791 0.623970 1.922278
v 1.182081 0.685363 1.916430
v 1.182081 0.628872 1.983754
v 1.050791 0.501971 1.992714
v 1.182081 0.552761 2.027697
v 1.182081 0.466210 2.042958
v 1.050791 0.363239 1.968252
v 1.182081 0.379660 2.027697
v 1.182081 0.303549 1.983754
v 1.050791 0.272689 1.860338
v 1.182081 0.247057 1.916430
v 1.182081 0.216998 1.833844
v 1.050791 0.272689 1.719465
v 1.182081 0.216998 1.745959
v 1.182081 0.247057 1.663373
v 1.050790 0.363239 1.611551
v 1.182081 0.303548 1.596049
v 1.182081 0.379659 1.552106
v 0.885237 0.610376 1.393809
v 0.885237 0.466210 1.368389
v 0.885237 0.466210 1.789901
v 0.885237 0.322044 1.393809
v 0.885237 0.195267 1.467004
v 0.885237 0.101169 1.579145
v 0.885237 0.051101 1.716706
v 0.885237 0.051101 1.863097
v 0.885237 0.101169 2.000658
v 0.885237 0.195267 2.112799
v 0.885237 0.322044 2.185994
v 0.885237 0.466210 2.211414
v 0.885237 0.610376 2.185994
v 0.885237 0.737153 2.112799
v 0.885237 0.831251 2.000658
v 0.885237 0.881319 1.863096
v 0.885237 0.881319 1.716706
v 0.885237 0.831251 1.579145
v 0.885237 0.737153 1.467004
v 1.050790 0.501971 1.587089
v 1.050791 0.623970 1.657525
v 1.050791 0.466210 1.789901
v 1.050791 0.672151 1.789901
v 1.050791 0.623970 1.922278
v 1.050791 0.501971 1.992714
v 1.050791 0.363239 1.968252
v 1.050791 0.272689 1.860338
v 1.050791 0.272689 1.719465
v 1.050790 0.363239 1.611551
v 0.923240 0.466210 1.329800
v 0.885237 0.466210 1.368389
v 0.885237 0.610376 1.393809
v 0.923240 0.623574 1.357548
v 1.144078 0.623574 1.357548
v 1.182081 0.610376 1.393809
v 1.182081 0.466210 1.368389
v 1.144078 0.466210 1.329800
v 0.885237 0.737153 1.467004
v 0.923240 0.761957 1.437443
v 1.144078 0.761958 1.437443
v 1.182081 0.737153 1.467004
v 0.885237 0.831251 1.579145
v 0.923240 0.864670 1.559851
v 1.144078 0.864670 1.559851
v 1.182081 0.831251 1.579145
v 0.885237 0.881319 1.716706
v 0.923240 0.919322 1.710005
v 1.144078 0.919322 1.710006
v 1.182081 0.881319 1.716706
v 0.885237 0.881319 1.863096
v 0.923240 0.919322 1.869797
v 1.144078 0.919322 1.869797
v 1.182081 0.881319 1.863096
v 0.923240 0.919322 1.869797
v 0.885237 0.881319 1.863096
v 0.885237 0.831251 2.000658
v 0.923240 0.864669 2.019952
v 1.144078 0.864670 2.019952
v 1.182081 0.831251 2.000658
v 1.182081 0.881319 1.863096
v 1.144078 0.919322 1.869797
v 0.885237 0.737153 2.112799
v 0.923240 0.761957 2.142359
v 1.144079 0.761957 2.142359
v 1.182081 0.737153 2.112799
v 0.885237 0.610376 2.185994
v 0.923240 0.623574 2.222255
v 1.144079 0.623574 2.222255
v 1.182081 0.610376 2.185994
v 0.885237 0.466210 2.211414
v 0.923240 0.466210 2.250003
v 1.144079 0.466210 2.250003
v 1.182081 0.466210 2.211414
v 0.885237 0.322044 2.185994
v 0.923240 0.308846 2.222255
v 1.144079 0.308846 2.222255
v 1.182081 0.322044 2.185994
v 0.885237 0.195267 2.112799
v 0.923240 0.170463 2.142359
v 1.144079 0.170463 2.142359
v 1.182081 0.195267 2.112799
v 0.885237 0.101169 2.000658
v 0.923240 0.067751 2.019952
v 1.144078 0.067751 2.019952
v 1.182081 0.101169 2.000658
v 0.885237 0.051101 1.863097
v 0.923240 0.013099 1.869797
v 1.144078 0.013099 1.869797
v 1.182081 0.051101 1.863097
v 0.885237 0.051101 1.716706
v 0.923240 0.013099 1.710006
v 1.144079 0.013099 1.710006
v 1.182081 0.051101 1.716706
v 0.885237 0.101169 1.579145
v 0.923240 0.067750 1.559851
v 1.144079 0.067750 1.559851
v 1.182081 0.101169 1.579145
v 0.885237 0.195267 1.467004
v 0.923240 0.170462 1.437444
v 1.144079 0.170462 1.437444
v 1.182081 0.195267 1.467004
v 0.885237 0.322044 1.393809
v 0.923240 0.308846 1.357548
v 1.144078 0.308846 1.357548
v 1.182081 0.322044 1.393809
v 0.816090 0.623574 1.357548
v 0.816090 0.466210 1.329800
v 0.595251 0.466210 1.329800
v 0.595251 0.623574 1.357548
v 0.816090 0.761957 1.437443
v 0.595251 0.761957 1.437443
v 0.816090 0.864670 1.559851
v 0.595251 0.864670 1.559851
v 0.816090 0.919322 1.710005
v 0.595251 0.919321 1.710005
v 0.816090 0.919322 1.869797
v 0.595251 0.919321 1.869797
v 0.816090 0.864669 2.019952
v 0.816090 0.919322 1.869797
v 0.595251 0.919321 1.869797
v 0.595251 0.864669 2.019952
v 0.816090 0.761957 2.142359
v 0.595251 0.761957 2.142359
v 0.816090 0.623574 2.222255
v 0.595252 0.623574 2.222255
v 0.816090 0.466210 2.250003
v 0.595252 0.466210 2.250003
v 0.816090 0.308846 2.222255
v 0.595252 0.308846 2.222255
v 0.816090 0.170463 2.142359
v 0.595252 0.170463 2.142359
v 0.816090 0.067751 2.019952
v 0.595252 0.067751 2.019952
v 0.816090 0.013099 1.869797
v 0.595252 0.013099 1.869797
v 0.816090 0.013099 1.710006
v 0.595252 0.013098 1.710006
v 0.816090 0.067750 1.559851
v 0.595252 0.067750 1.559851
v 0.816090 0.170462 1.437444
v 0.595251 0.170462 1.437443
v 0.816090 0.308846 1.357548
v 0.595251 0.308846 1.357548
v 0.854093 0.466210 1.368389
v 0.854093 0.610376 1.393809
v 0.854093 0.466210 1.789901
v 0.854093 0.737153 1.467004
v 0.854093 0.831251 1.579145
v 0.854093 0.881319 1.716706
v 0.854093 0.881319 1.863096
v 0.854093 0.831251 2.000658
v 0.854093 0.737153 2.112799
v 0.854093 0.610376 2.185994
v 0.854093 0.466210 2.211414
v 0.854093 0.322044 2.185994
v 0.854093 0.195267 2.112799
v 0.854093 0.101169 2.000658
v 0.854093 0.051101 1.863097
v 0.854093 0.051101 1.716706
v 0.854093 0.101169 1.579145
v 0.854093 0.195267 1.467004
v 0.854093 0.322044 1.393809
v 0.557249 0.610376 1.393809
v 0.557249 0.466210 1.368389
v 0.557249 0.466210 1.789901
v 0.557249 0.322044 1.393809
v 0.557249 0.195267 1.467004
v 0.557249 0.101169 1.579145
v 0.557249 0.051101 1.716707
v 0.557249 0.051101 1.863097
v 0.557249 0.101169 2.000658
v 0.557249 0.195267 2.112799
v 0.557249 0.322044 2.185994
v 0.557249 0.466210 2.211414
v 0.557249 0.610376 2.185994
v 0.557249 0.737153 2.112799
v 0.557249 0.831251 2.000658
v 0.557249 0.881319 1.863097
v 0.557249 0.881319 1.716706
v 0.557249 0.831251 1.579145
v 0.557249 0.737153 1.467004
v 0.595251 0.466210 1.329800
v 0.557249 0.466210 1.368389
v 0.557249 0.610376 1.393809
v 0.595251 0.623574 1.357548
v 0.816090 0.623574 1.357548
v 0.854093 0.610376 1.393809
v 0.854093 0.466210 1.368389
v 0.816090 0.466210 1.329800
v 0.557249 0.737153 1.467004
v 0.595251 0.761957 1.437443
v 0.816090 0.761957 1.437443
v 0.854093 0.737153 1.467004
v 0.557249 0.831251 1.579145
v 0.595251 0.864670 1.559851
v 0.816090 0.864670 1.559851
v 0.854093 0.831251 1.579145
v 0.557249 0.881319 1.716706
v 0.595251 0.919321 1.710005
v 0.816090 0.919322 1.710005
v 0.854093 0.881319 1.716706
v 0.557249 0.881319 1.863097
v 0.595251 0.919321 1.869797
v 0.816090 0.919322 1.869797
v 0.854093 0.881319 1.863096
v 0.595251 0.919321 1.869797
v 0.557249 0.881319 1.863097
v 0.557249 0.831251 2.000658
v 0.595251 0.864669 2.019952
v 0.816090 0.864669 2.019952
v 0.854093 0.831251 2.000658
v 0.854093 0.881319 1.863096
v 0.816090 0.919322 1.869797
v 0.557249 0.737153 2.112799
v 0.595251 0.761957 2.142359
v 0.816090 0.761957 2.142359
v 0.854093 0.737153 2.112799
v 0.557249 0.610376 2.185994
v 0.595252 0.623574 2.222255
v 0.816090 0.623574 2.222255
v 0.854093 0.610376 2.185994
v 0.557249 0.466210 2.211414
v 0.595252 0.466210 2.250003
v 0.816090 0.466210 2.250003
v 0.854093 0.466210 2.211414
v 0.557249 0.322044 2.185994
v 0.595252 0.308846 2.222255
v 0.816090 0.308846 2.222255
v 0.854093 0.322044 2.185994
v 0.557249 0.195267 2.112799
v 0.595252 0.170463 2.142359
v 0.816090 0.170463 2.142359
v 0.854093 0.195267 2.112799
v 0.557249 0.101169 2.000658
v 0.595252 0.067751 2.019952
v 0.816090 0.067751 2.019952
v 0.854093 0.101169 2.000658
v 0.557249 0.051101 1.863097
v 0.595252 0.013099 1.869797
v 0.816090 0.013099 1.869797
v 0.854093 0.051101 1.863097
v 0.557249 0.051101 1.716707
v 0.595252 0.013098 1.710006
v 0.816090 0.013099 1.710006
v 0.854093 0.051101 1.716706
v 0.557249 0.101169 1.579145
v 0.595252 0.067750 1.559851
v 0.816090 0.067750 1.559851
v 0.854093 0.101169 1.579145
v 0.557249 0.195267 1.467004
v 0.595251 0.170462 1.437443
v 0.816090 0.170462 1.437444
v 0.854093 0.195267 1.467004
v 0.557249 0.322044 1.393809
v 0.595251 0.308846 1.357548
v 0.816090 0.308846 1.357548
v 0.854093 0.322044 1.393809
vn -0.0000 0.3420 -0.9397
vn -0.0000 -0.0000 -1.0000
vn -0.0000 0.6428 -0.7660
vn -0.0000 0.8660 -0.5000
vn -0.0000 0.9848 -0.1736
vn -0.0000 1.0000 -0.0000
vn -0.0000 0.8660 0.5000
vn -0.0000 0.9397 0.3420
vn -0.0000 0.6428 0.7660
vn -0.0000 0.3420 0.9397
vn -0.0000 -0.0000 1.0000
vn -0.0000 -0.3420 0.9397
vn -0.0000 -0.6428 0.7660
vn -0.0000 -0.8660 0.5000
vn -0.0000 -0.9848 0.1736
vn -0.0000 -0.9848 -0.1736
vn -0.0000 -0.8660 -0.5000
vn -0.0000 -0.6428 -0.7660
vn -0.0000 -0.3420 -0.9397
vn 1.0000 -0.0000 -0.0000
vn 0.3631 0.0243 0.9314
vn 0.3931 -0.1597 0.9055
vn 0.3631 -0.3414 0.8670
vn 0.3931 -0.7044 0.5910
vn 0.3631 -0.5801 0.7291
vn 0.3631 -0.8188 0.4447
vn 0.3931 -0.9195 -0.0000
vn 0.3631 -0.9131 0.1856
vn 0.3631 -0.9131 -0.1856
vn 0.3931 -0.7044 -0.5910
vn 0.3631 -0.8188 -0.4447
vn 0.3631 -0.5801 -0.7291
vn 0.3931 -0.1597 -0.9055
vn 0.3631 -0.3414 -0.8670
vn 0.3631 0.0243 -0.9314
vn 0.3931 0.4597 -0.7963
vn 0.3631 0.2958 -0.8836
vn 0.3631 0.6173 -0.6979
vn 0.3931 0.8640 -0.3145
vn 0.3631 0.7945 -0.4867
vn 0.3631 0.9215 -0.1379
vn 0.3931 0.8640 0.3145
vn 0.3631 0.9215 0.1379
vn 0.3631 0.7945 0.4867
vn 0.3931 0.4597 0.7963
vn 0.3631 0.6173 0.6979
vn 0.3631 0.2958 0.8836
vn -1.0000 -0.0000 -0.0000
vn -0.7125 -0.0000 -0.7017
vn -0.7125 0.2400 -0.6594
vn 0.7125 0.2400 -0.6594
vn 0.7125 -0.0000 -0.7017
vn -0.7125 0.4510 -0.5375
vn 0.7125 0.4510 -0.5375
vn -0.7125 0.6077 -0.3508
vn 0.7125 0.6077 -0.3508
vn -0.7125 0.6910 -0.1218
vn 0.7125 0.6910 -0.1218
vn -0.7071 0.7071 -0.0000
vn 0.7071 0.7071 -0.0000
vn -0.7071 0.6645 0.2418
vn -0.7125 0.6077 0.3508
vn 0.7125 0.6077 0.3508
vn 0.7071 0.6645 0.2418
vn -0.7125 0.4510 0.5375
vn 0.7125 0.4510 0.5375
vn -0.7125 0.2400 0.6594
vn 0.7125 0.2400 0.6594
vn -0.7125 -0.0000 0.7017
vn 0.7125 -0.0000 0.7017
vn -0.7125 -0.2400 0.6594
vn 0.7125 -0.2400 0.6594
vn -0.7125 -0.4510 0.5375
vn 0.7125 -0.4510 0.5375
vn -0.7125 -0.6077 0.3508
vn 0.7125 -0.6077 0.3508
vn -0.7125 -0.6910 0.1218
vn 0.7125 -0.6910 0.1218
vn -0.7125 -0.6910 -0.1218
vn 0.7125 -0.6910 -0.1218
vn -0.7125 -0.6077 -0.3508
vn 0.7125 -0.6077 -0.3508
vn -0.7125 -0.4510 -0.5375
vn 0.7125 -0.4510 -0.5375
vn -0.7125 -0.2400 -0.6594
vn 0.7125 -0.2400 -0.6594
vt 0.569992 0.047145
vt 0.529599 0.047145
vt 0.529599 0.010768
vt 0.569992 0.010768
vt 0.610385 0.047145
vt 0.610385 0.010768
vt 0.650778 0.047145
vt 0.650778 0.010768
vt 0.691170 0.047145
vt 0.691170 0.010768
vt 0.731563 0.047145
vt 0.731563 0.010768
vt 0.044886 0.047145
vt 0.004493 0.047145
vt 0.004493 0.010768
vt 0.044886 0.010768
vt 0.085277 0.047145
vt 0.085277 0.010768
vt 0.125670 0.047145
vt 0.125670 0.010768
vt 0.166063 0.047145
vt 0.166063 0.010768
vt 0.206456 0.047145
vt 0.206456 0.010768
vt 0.246849 0.047145
vt 0.246849 0.010768
vt 0.287242 0.047145
vt 0.287242 0.010768
vt 0.327634 0.047145
vt 0.327634 0.010768
vt 0.368027 0.047145
vt 0.368027 0.010768
vt 0.408420 0.047145
vt 0.408420 0.010768
vt 0.448813 0.047145
vt 0.448813 0.010768
vt 0.489206 0.047145
vt 0.489206 0.010768
vt 0.672519 0.134927
vt 0.674573 0.123275
vt 0.702886 0.123275
vt 0.699124 0.144611
vt 0.666603 0.145174
vt 0.688292 0.163373
vt 0.657539 0.152780
vt 0.671694 0.177299
vt 0.646419 0.156827
vt 0.651336 0.184709
vt 0.634588 0.156827
vt 0.629671 0.184709
vt 0.623468 0.152780
vt 0.609313 0.177299
vt 0.614404 0.145174
vt 0.592715 0.163373
vt 0.608488 0.134927
vt 0.581883 0.144611
vt 0.606433 0.123275
vt 0.578121 0.123275
vt 0.608488 0.111622
vt 0.581883 0.101939
vt 0.614404 0.101376
vt 0.592715 0.083176
vt 0.623468 0.093770
vt 0.609313 0.069250
vt 0.634588 0.089722
vt 0.629671 0.061840
vt 0.646419 0.089722
vt 0.651336 0.061840
vt 0.657539 0.093770
vt 0.671694 0.069250
vt 0.666603 0.101376
vt 0.688290 0.083176
vt 0.672519 0.111622
vt 0.699123 0.101939
vt 0.674573 0.123275
vt 0.672519 0.134927
vt 0.667509 0.127920
vt 0.658752 0.143088
vt 0.666603 0.145174
vt 0.657539 0.152780
vt 0.642293 0.149078
vt 0.646419 0.156827
vt 0.634588 0.156827
vt 0.625835 0.143088
vt 0.623468 0.152780
vt 0.614404 0.145174
vt 0.617079 0.127920
vt 0.608488 0.134927
vt 0.606433 0.123275
vt 0.620119 0.110672
vt 0.608488 0.111622
vt 0.614404 0.101376
vt 0.633536 0.099413
vt 0.623468 0.093770
vt 0.634588 0.089722
vt 0.651050 0.099413
vt 0.646419 0.089722
vt 0.657539 0.093770
vt 0.664467 0.110672
vt 0.666603 0.101376
vt 0.672519 0.111622
vt 0.121599 0.144314
vt 0.117901 0.123339
vt 0.180988 0.123534
vt 0.121599 0.102364
vt 0.132249 0.083918
vt 0.148565 0.070227
vt 0.168579 0.062943
vt 0.189878 0.062943
vt 0.209892 0.070227
vt 0.226209 0.083918
vt 0.236858 0.102364
vt 0.240556 0.123339
vt 0.236858 0.144314
vt 0.226209 0.162759
vt 0.209892 0.176450
vt 0.189878 0.183734
vt 0.168579 0.183734
vt 0.148565 0.176450
vt 0.132249 0.162759
vt 0.667509 0.127920
vt 0.658752 0.143088
vt 0.642293 0.123473
vt 0.642293 0.149078
vt 0.625835 0.143088
vt 0.617079 0.127920
vt 0.620119 0.110672
vt 0.633536 0.099413
vt 0.651050 0.099413
vt 0.664467 0.110672
vt 0.529599 0.010768
vt 0.529599 0.004508
vt 0.569992 0.004508
vt 0.569992 0.010768
vt 0.569992 0.047145
vt 0.569992 0.053404
vt 0.529599 0.053404
vt 0.529599 0.047145
vt 0.610385 0.004508
vt 0.610385 0.010768
vt 0.610385 0.047145
vt 0.610385 0.053404
vt 0.650778 0.004508
vt 0.650778 0.010768
vt 0.650778 0.047145
vt 0.650778 0.053404
vt 0.691170 0.004508
vt 0.691170 0.010768
vt 0.691170 0.047145
vt 0.691170 0.053404
vt 0.731563 0.004508
vt 0.731563 0.010768
vt 0.731563 0.047145
vt 0.731563 0.053404
vt 0.004493 0.010768
vt 0.004493 0.004508
vt 0.044886 0.004508
vt 0.044886 0.010768
vt 0.044886 0.047145
vt 0.044886 0.053404
vt 0.004493 0.053404
vt 0.004493 0.047145
vt 0.085277 0.004508
vt 0.085277 0.010768
vt 0.085277 0.047145
vt 0.085277 0.053404
vt 0.125670 0.004508
vt 0.125670 0.010768
vt 0.125670 0.047145
vt 0.125670 0.053404
vt 0.166063 0.004508
vt 0.166063 0.010768
vt 0.166063 0.047145
vt 0.166063 0.053404
vt 0.206456 0.004508
vt 0.206456 0.010768
vt 0.206456 0.047145
vt 0.206456 0.053404
vt 0.246849 0.004508
vt 0.246849 0.010768
vt 0.246849 0.047145
vt 0.246849 0.053404
vt 0.287242 0.004508
vt 0.287242 0.010768
vt 0.287242 0.047145
vt 0.287242 0.053404
vt 0.327634 0.004508
vt 0.327634 0.010768
vt 0.327634 0.047145
vt 0.327634 0.053404
vt 0.368027 0.004508
vt 0.368027 0.010768
vt 0.368027 0.047145
vt 0.368027 0.053404
vt 0.408420 0.004508
vt 0.408420 0.010768
vt 0.408420 0.047145
vt 0.408420 0.053404
vt 0.448813 0.004508
vt 0.448813 0.010768
vt 0.448813 0.047145
vt 0.448813 0.053404
vt 0.489206 0.004508
vt 0.489206 0.010768
vt 0.489206 0.047145
vt 0.489206 0.053404
vt 0.569992 0.047145
vt 0.529599 0.047145
vt 0.529599 0.010768
vt 0.569992 0.010768
vt 0.610385 0.047145
vt 0.610385 0.010768
vt 0.650778 0.047145
vt 0.650778 0.010768
vt 0.691170 0.047145
vt 0.691170 0.010768
vt 0.731563 0.047145
vt 0.731563 0.010768
vt 0.044886 0.047145
vt 0.004493 0.047145
vt 0.004493 0.010768
vt 0.044886 0.010768
vt 0.085277 0.047145
vt 0.085277 0.010768
vt 0.125670 0.047145
vt 0.125670 0.010768
vt 0.166063 0.047145
vt 0.166063 0.010768
vt 0.206456 0.047145
vt 0.206456 0.010768
vt 0.246849 0.047145
vt 0.246849 0.010768
vt 0.287242 0.047145
vt 0.287242 0.010768
vt 0.327634 0.047145
vt 0.327634 0.010768
vt 0.368027 0.047145
vt 0.368027 0.010768
vt 0.408420 0.047145
vt 0.408420 0.010768
vt 0.448813 0.047145
vt 0.448813 0.010768
vt 0.489206 0.047145
vt 0.489206 0.010768
vt 0.240556 0.123339
vt 0.236858 0.144314
vt 0.180988 0.123534
vt 0.226209 0.162759
vt 0.209892 0.176450
vt 0.189878 0.183734
vt 0.168579 0.183734
vt 0.148565 0.176450
vt 0.132249 0.162759
vt 0.121599 0.144314
vt 0.117901 0.123339
vt 0.121599 0.102364
vt 0.132249 0.083918
vt 0.148565 0.070227
vt 0.168579 0.062943
vt 0.189878 0.062943
vt 0.209892 0.070227
vt 0.226208 0.083918
vt 0.236857 0.102364
vt 0.121599 0.144314
vt 0.117901 0.123339
vt 0.180988 0.123534
vt 0.121599 0.102364
vt 0.132249 0.083918
vt 0.148565 0.070227
vt 0.168579 0.062943
vt 0.189878 0.062943
vt 0.209892 0.070227
vt 0.226209 0.083918
vt 0.236858 0.102364
vt 0.240556 0.123339
vt 0.236858 0.144314
vt 0.226209 0.162759
vt 0.209892 0.176450
vt 0.189878 0.183734
vt 0.168579 0.183734
vt 0.148565 0.176450
vt 0.132249 0.162759
vt 0.529599 0.010768
vt 0.529599 0.004508
vt 0.569992 0.004508
vt 0.569992 0.010768
vt 0.569992 0.047145
vt 0.569992 0.053404
vt 0.529599 0.053404
vt 0.529599 0.047145
vt 0.610385 0.004508
vt 0.610385 0.010768
vt 0.610385 0.047145
vt 0.610385 0.053404
vt 0.650778 0.004508
vt 0.650778 0.010768
vt 0.650778 0.047145
vt 0.650778 0.053404
vt 0.691170 0.004508
vt 0.691170 0.010768
vt 0.691170 0.047145
vt 0.691170 0.053404
vt 0.731563 0.004508
vt 0.731563 0.010768
vt 0.731563 0.047145
vt 0.731563 0.053404
vt 0.004493 0.010768
vt 0.004493 0.004508
vt 0.044886 0.004508
vt 0.044886 0.010768
vt 0.044886 0.047145
vt 0.044886 0.053404
vt 0.004493 0.053404
vt 0.004493 0.047145
vt 0.085277 0.004508
vt 0.085277 0.010768
vt 0.085277 0.047145
vt 0.085277 0.053404
vt 0.125670 0.004508
vt 0.125670 0.010768
vt 0.125670 0.047145
vt 0.125670 0.053404
vt 0.166063 0.004508
vt 0.166063 0.010768
vt 0.166063 0.047145
vt 0.166063 0.053404
vt 0.206456 0.004508
vt 0.206456 0.010768
vt 0.206456 0.047145
vt 0.206456 0.053404
vt 0.246849 0.004508
vt 0.246849 0.010768
vt 0.246849 0.047145
vt 0.246849 0.053404
vt 0.287242 0.004508
vt 0.287242 0.010768
vt 0.287242 0.047145
vt 0.287242 0.053404
vt 0.327634 0.004508
vt 0.327634 0.010768
vt 0.327634 0.047145
vt 0.327634 0.053404
vt 0.368027 0.004508
vt 0.368027 0.010768
vt 0.368027 0.047145
vt 0.368027 0.053404
vt 0.408420 0.004508
vt 0.408420 0.010768
vt 0.408420 0.047145
vt 0.408420 0.053404
vt 0.448813 0.004508
vt 0.448813 0.010768
vt 0.448813 0.047145
vt 0.448813 0.053404
vt 0.489206 0.004508
vt 0.489206 0.010768
vt 0.489206 0.047145
vt 0.489206 0.053404
s 1
f 1/1/1 2/2/2 3/3/2
f 1/1/1 3/3/2 4/4/1
f 5/5/3 1/1/1 4/4/1
f 5/5/3 4/4/1 6/6/3
f 7/7/4 5/5/3 6/6/3
f 7/7/4 6/6/3 8/8/4
f 9/9/5 7/7/4 8/8/4
f 9/9/5 8/8/4 10/10/5
f 11/11/6 9/9/5 10/10/5
f 11/11/6 10/10/5 12/12/6
f 13/13/7 14/14/8 15/15/8
f 13/13/7 15/15/8 16/16/7
f 17/17/9 13/13/7 16/16/7
f 17/17/9 16/16/7 18/18/9
f 19/19/10 17/17/9 18/18/9
f 19/19/10 18/18/9 20/20/10
f 21/21/11 19/19/10 20/20/10
f 21/21/11 20/20/10 22/22/11
f 23/23/12 21/21/11 22/22/11
f 23/23/12 22/22/11 24/24/12
f 25/25/13 23/23/12 24/24/12
f 25/25/13 24/24/12 26/26/13
f 27/27/14 25/25/13 26/26/13
f 27/27/14 26/26/13 28/28/14
f 29/29/15 27/27/14 28/28/14
f 29/29/15 28/28/14 30/30/15
f 31/31/16 29/29/15 30/30/15
f 31/31/16 30/30/15 32/32/16
f 33/33/17 31/31/16 32/32/16
f 33/33/17 32/32/16 34/34/17
f 35/35/18 33/33/17 34/34/17
f 35/35/18 34/34/17 36/36/18
f 37/37/19 35/35/18 36/36/18
f 37/37/19 36/36/18 38/38/19
f 2/2/2 37/37/19 38/38/19
f 2/2/2 38/38/19 3/3/2
f 39/39/20 40/40/20 41/41/20
f 39/39/20 41/41/20 42/42/20
f 43/43/20 39/39/20 42/42/20
f 43/43/20 42/42/20 44/44/20
f 45/45/20 43/43/20 44/44/20
f 45/45/20 44/44/20 46/46/20
f 47/47/20 45/45/20 46/46/20
f 47/47/20 46/46/20 48/48/20
f 49/49/20 47/47/20 48/48/20
f 49/49/20 48/48/20 50/50/20
f 51/51/20 49/49/20 50/50/20
f 51/51/20 50/50/20 52/52/20
f 53/53/20 51/51/20 52/52/20
f 53/53/20 52/52/20 54/54/20
f 55/55/20 53/53/20 54/54/20
f 55/55/20 54/54/20 56/56/20
f 57/57/20 55/55/20 56/56/20
f 57/57/20 56/56/20 58/58/20
f 59/59/20 57/57/20 58/58/20
f 59/59/20 58/58/20 60/60/20
f 61/61/20 59/59/20 60/60/20
f 61/61/20 60/60/20 62/62/20
f 63/63/20 61/61/20 62/62/20
f 63/63/20 62/62/20 64/64/20
f 65/65/20 63/63/20 64/64/20
f 65/65/20 64/64/20 66/66/20
f 67/67/20 65/65/20 66/66/20
f 67/67/20 66/66/20 68/68/20
f 69/69/20 67/67/20 68/68/20
f 69/69/20 68/68/20 70/70/20
f 71/71/20 69/69/20 70/70/20
f 71/71/20 70/70/20 72/72/20
f 73/73/20 71/71/20 72/72/20
f 73/73/20 72/72/20 74/74/20
f 40/40/20 73/73/20 74/74/20
f 40/40/20 74/74/20 41/41/20
f 75/75/21 76/76/23 77/77/22
f 78/78/24 77/77/22 76/76/23
f 78/78/24 76/76/23 79/79/25
f 79/79/25 80/80/26 78/78/24
f 81/81/27 78/78/24 80/80/26
f 81/81/27 80/80/26 82/82/28
f 82/82/28 83/83/29 81/81/27
f 84/84/30 81/81/27 83/83/29
f 84/84/30 83/83/29 85/85/31
f 85/85/31 86/86/32 84/84/30
f 87/87/33 84/84/30 86/86/32
f 87/87/33 86/86/32 88/88/34
f 88/88/34 89/89/35 87/87/33
f 90/90/36 87/87/33 89/89/35
f 90/90/36 89/89/35 91/91/37
f 91/91/37 92/92/38 90/90/36
f 93/93/39 90/90/36 92/92/38
f 93/93/39 92/92/38 94/94/40
f 94/94/40 95/95/41 93/93/39
f 96/96/42 93/93/39 95/95/41
f 96/96/42 95/95/41 97/97/43
f 97/97/43 98/98/44 96/96/42
f 99/99/45 96/96/42 98/98/44
f 99/99/45 98/98/44 100/100/46
f 100/100/46 101/101/47 99/99/45
f 77/77/22 99/99/45 101/101/47
f 77/77/22 101/101/47 75/75/21
f 102/102/48 103/103/48 104/104/48
f 103/103/48 105/105/48 104/104/48
f 105/105/48 106/106/48 104/104/48
f 106/106/48 107/107/48 104/104/48
f 107/107/48 108/108/48 104/104/48
f 108/108/48 109/109/48 104/104/48
f 109/109/48 110/110/48 104/104/48
f 110/110/48 111/111/48 104/104/48
f 111/111/48 112/112/48 104/104/48
f 112/112/48 113/113/48 104/104/48
f 113/113/48 114/114/48 104/104/48
f 114/114/48 115/115/48 104/104/48
f 115/115/48 116/116/48 104/104/48
f 116/116/48 117/117/48 104/104/48
f 117/117/48 118/118/48 104/104/48
f 118/118/48 119/119/48 104/104/48
f 119/119/48 120/120/48 104/104/48
f 120/120/48 102/102/48 104/104/48
f 121/121/20 122/122/20 123/123/20
f 122/122/20 124/124/20 123/123/20
f 124/124/20 125/125/20 123/123/20
f 125/125/20 126/126/20 123/123/20
f 126/126/20 127/127/20 123/123/20
f 127/127/20 128/128/20 123/123/20
f 128/128/20 129/129/20 123/123/20
f 129/129/20 130/130/20 123/123/20
f 130/130/20 121/121/20 123/123/20
f 131/131/49 132/132/49 133/133/50
f 131/131/49 133/133/50 134/134/50
f 135/135/51 136/136/51 137/137/52
f 135/135/51 137/137/52 138/138/52
f 134/134/50 133/133/50 139/139/53
f 134/134/50 139/139/53 140/140/53
f 141/141/54 142/142/54 136/136/51
f 141/141/54 136/136/51 135/135/51
f 140/140/53 139/139/53 143/143/55
f 140/140/53 143/143/55 144/144/55
f 145/145/56 146/146/56 142/142/54
f 145/145/56 142/142/54 141/141/54
f 144/144/55 143/143/55 147/147/57
f 144/144/55 147/147/57 148/148/57
f 149/149/58 150/150/58 146/146/56
f 149/149/58 146/146/56 145/145/56
f 148/148/57 147/147/57 151/151/59
f 148/148/57 151/151/59 152/152/59
f 153/153/60 154/154/60 150/150/58
f 153/153/60 150/150/58 149/149/58
f 155/155/61 156/156/61 157/157/62
f 155/155/61 157/157/62 158/158/62
f 159/159/63 160/160/63 161/161/64
f 159/159/63 161/161/64 162/162/64
f 158/158/62 157/157/62 163/163/65
f 158/158/62 163/163/65 164/164/65
f 165/165/66 166/166/66 160/160/63
f 165/165/66 160/160/63 159/159/63
f 164/164/65 163/163/65 167/167/67
f 164/164/65 167/167/67 168/168/67
f 169/169/68 170/170/68 166/166/66
f 169/169/68 166/166/66 165/165/66
f 168/168/67 167/167/67 171/171/69
f 168/168/67 171/171/69 172/172/69
f 173/173/70 174/174/70 170/170/68
f 173/173/70 170/170/68 169/169/68
f 172/172/69 171/171/69 175/175/71
f 172/172/69 175/175/71 176/176/71
f 177/177/72 178/178/72 174/174/70
f 177/177/72 174/174/70 173/173/70
f 176/176/71 175/175/71 179/179/73
f 176/176/71 179/179/73 180/180/73
f 181/181/74 182/182/74 178/178/72
f 181/181/74 178/178/72 177/177/72
f 180/180/73 179/179/73 183/183/75
f 180/180/73 183/183/75 184/184/75
f 185/185/76 186/186/76 182/182/74
f 185/185/76 182/182/74 181/181/74
f 184/184/75 183/183/75 187/187/77
f 184/184/75 187/187/77 188/188/77
f 189/189/78 190/190/78 186/186/76
f 189/189/78 186/186/76 185/185/76
f 188/188/77 187/187/77 191/191/79
f 188/188/77 191/191/79 192/192/79
f 193/193/80 194/194/80 190/190/78
f 193/193/80 190/190/78 189/189/78
f 192/192/79 191/191/79 195/195/81
f 192/192/79 195/195/81 196/196/81
f 197/197/82 198/198/82 194/194/80
f 197/197/82 194/194/80 193/193/80
f 196/196/81 195/195/81 199/199/83
f 196/196/81 199/199/83 200/200/83
f 201/201/84 202/202/84 198/198/82
f 201/201/84 198/198/82 197/197/82
f 200/200/83 199/199/83 203/203/85
f 200/200/83 203/203/85 204/204/85
f 205/205/86 206/206/86 202/202/84
f 205/205/86 202/202/84 201/201/84
f 204/204/85 203/203/85 132/132/49
f 204/204/85 132/132/49 131/131/49
f 138/138/52 137/137/52 206/206/86
f 138/138/52 206/206/86 205/205/86
f 207/207/1 208/208/2 209/209/2
f 207/207/1 209/209/2 210/210/1
f 211/211/3 207/207/1 210/210/1
f 211/211/3 210/210/1 212/212/3
f 213/213/4 211/211/3 212/212/3
f 213/213/4 212/212/3 214/214/4
f 215/215/5 213/213/4 214/214/4
f 215/215/5 214/214/4 216/216/5
f 217/217/6 215/215/5 216/216/5
f 217/217/6 216/216/5 218/218/6
f 219/219/7 220/220/8 221/221/8
f 219/219/7 221/221/8 222/222/7
f 223/223/9 219/219/7 222/222/7
f 223/223/9 222/222/7 224/224/9
f 225/225/10 223/223/9 224/224/9
f 225/225/10 224/224/9 226/226/10
f 227/227/11 225/225/10 226/226/10
f 227/227/11 226/226/10 228/228/11
f 229/229/12 227/227/11 228/228/11
f 229/229/12 228/228/11 230/230/12
f 231/231/13 229/229/12 230/230/12
f 231/231/13 230/230/12 232/232/13
f 233/233/14 231/231/13 232/232/13
f 233/233/14 232/232/13 234/234/14
f 235/235/15 233/233/14 234/234/14
f 235/235/15 234/234/14 236/236/15
f 237/237/16 235/235/15 236/236/15
f 237/237/16 236/236/15 238/238/16
f 239/239/17 237/237/16 238/238/16
f 239/239/17 238/238/16 240/240/17
f 241/241/18 239/239/17 240/240/17
f 241/241/18 240/240/17 242/242/18
f 243/243/19 241/241/18 242/242/18
f 243/243/19 242/242/18 244/244/19
f 208/208/2 243/243/19 244/244/19
f 208/208/2 244/244/19 209/209/2
f 245/245/20 246/246/20 247/247/20
f 246/246/20 248/248/20 247/247/20
f 248/248/20 249/249/20 247/247/20
f 249/249/20 250/250/20 247/247/20
f 250/250/20 251/251/20 247/247/20
f 251/251/20 252/252/20 247/247/20
f 252/252/20 253/253/20 247/247/20
f 253/253/20 254/254/20 247/247/20
f 254/254/20 255/255/20 247/247/20
f 255/255/20 256/256/20 247/247/20
f 256/256/20 257/257/20 247/247/20
f 257/257/20 258/258/20 247/247/20
f 258/258/20 259/259/20 247/247/20
f 259/259/20 260/260/20 247/247/20
f 260/260/20 261/261/20 247/247/20
f 261/261/20 262/262/20 247/247/20
f 262/262/20 263/263/20 247/247/20
f 263/263/20 245/245/20 247/247/20
f 264/264/48 265/265/48 266/266/48
f 265/265/48 267/267/48 266/266/48
f 267/267/48 268/268/48 266/266/48
f 268/268/48 269/269/48 266/266/48
f 269/269/48 270/270/48 266/266/48
f 270/270/48 271/271/48 266/266/48
f 271/271/48 272/272/48 266/266/48
f 272/272/48 273/273/48 266/266/48
f 273/273/48 274/274/48 266/266/48
f 274/274/48 275/275/48 266/266/48
f 275/275/48 276/276/48 266/266/48
f 276/276/48 277/277/48 266/266/48
f 277/277/48 278/278/48 266/266/48
f 278/278/48 279/279/48 266/266/48
f 279/279/48 280/280/48 266/266/48
f 280/280/48 281/281/48 266/266/48
f 281/281/48 282/282/48 266/266/48
f 282/282/48 264/264/48 266/266/48
f 283/283/49 284/284/49 285/285/50
f 283/283/49 285/285/50 286/286/50
f 287/287/51 288/288/51 289/289/52
f 287/287/51 289/289/52 290/290/52
f 286/286/50 285/285/50 291/291/53
f 286/286/50 291/291/53 292/292/53
f 293/293/54 294/294/54 288/288/51
f 293/293/54 288/288/51 287/287/51
f 292/292/53 291/291/53 295/295/55
f 292/292/53 295/295/55 296/296/55
f 297/297/56 298/298/56 294/294/54
f 297/297/56 294/294/54 293/293/54
f 296/296/55 295/295/55 299/299/57
f 296/296/55 299/299/57 300/300/57
f 301/301/58 302/302/58 298/298/56
f 301/301/58 298/298/56 297/297/56
f 300/300/57 299/299/57 303/303/59
f 300/300/57 303/303/59 304/304/59
f 305/305/60 306/306/60 302/302/58
f 305/305/60 302/302/58 301/301/58
f 307/307/61 308/308/61 309/309/62
f 307/307/61 309/309/62 310/310/62
f 311/311/63 312/312/63 313/313/64
f 311/311/63 313/313/64 314/314/64
f 310/310/62 309/309/62 315/315/65
f 310/310/62 315/315/65 316/316/65
f 317/317/66 318/318/66 312/312/63
f 317/317/66 312/312/63 311/311/63
f 316/316/65 315/315/65 319/319/67
f 316/316/65 319/319/67 320/320/67
f 321/321/68 322/322/68 318/318/66
f 321/321/68 318/318/66 317/317/66
f 320/320/67 319/319/67 323/323/69
f 320/320/67 323/323/69 324/324/69
f 325/325/70 326/326/70 322/322/68
f 325/325/70 322/322/68 321/321/68
f 324/324/69 323/323/69 327/327/71
f 324/324/69 327/327/71 328/328/71
f 329/329/72 330/330/72 326/326/70
f 329/329/72 326/326/70 325/325/70
f 328/328/71 327/327/71 331/331/73
f 328/328/71 331/331/73 332/332/73
f 333/333/74 334/334/74 330/330/72
f 333/333/74 330/330/72 329/329/72
f 332/332/73 331/331/73 335/335/75
f 332/332/73 335/335/75 336/336/75
f 337/337/76 338/338/76 334/334/74
f 337/337/76 334/334/74 333/333/74
f 336/336/75 335/335/75 339/339/77
f 336/336/75 339/339/77 340/340/77
f 341/341/78 342/342/78 338/338/76
f 341/341/78 338/338/76 337/337/76
f 340/340/77 339/339/77 343/343/79
f 340/340/77 343/343/79 344/344/79
f 345/345/80 346/346/80 342/342/78
f 345/345/80 342/342/78 341/341/78
f 344/344/79 343/343/79 347/347/81
f 344/344/79 347/347/81 348/348/81
f 349/349/82 350/350/82 346/346/80
f 349/349/82 346/346/80 345/345/80
f 348/348/81 347/347/81 351/351/83
f 348/348/81 351/351/83 352/352/83
f 353/353/84 354/354/84 350/350/82
f 353/353/84 350/350/82 349/349/82
f 352/352/83 351/351/83 355/355/85
f 352/352/83 355/355/85 356/356/85
f 357/357/86 358/358/86 354/354/84
f 357/357/86 354/354/84 353/353/84
f 356/356/85 355/355/85 284/284/49
f 356/356/85 284/284/49 283/283/49
f 290/290/52 289/289/52 358/358/86
f 290/290/52 358/358/86 357/357/86
o carroceria
v -1.212803 0.922395 -1.394699
v -1.212803 0.940531 -0.591638
v -1.209631 1.392714 -1.112913
v -1.212803 1.047365 -1.524138
v -1.217666 1.055342 -2.142095
v -1.213289 0.982662 -2.326970
v -1.214317 0.936854 -2.278032
v -1.212803 0.810757 -1.324397
v -0.534534 0.811037 -1.324680
v -0.534534 0.634041 -1.270186
v -1.212803 0.634041 -1.270187
v -0.520674 0.257773 -1.231897
v -1.212803 0.257773 -1.231896
v -1.212803 0.922395 -1.394699
v -1.212803 1.047365 -1.524138
v -0.534533 1.046947 -1.523704
v -0.534533 0.922395 -1.394698
v -1.212803 1.134840 -1.702515
v -0.534534 1.134840 -1.702514
v -1.217666 1.055342 -2.142095
v -0.534534 1.055342 -2.142093
v -0.534534 1.121759 -1.953042
v -1.212804 1.120011 -1.956771
v -1.210659 0.807113 -2.359571
v -1.206597 0.643895 -2.438252
v -0.534534 0.643895 -2.438251
v -0.534534 0.807915 -2.359607
v -1.180223 0.257772 -2.462626
v -0.534533 0.257772 -2.462626
v -1.212803 0.260561 1.211418
v -0.516318 0.277886 1.211418
v -0.519040 0.698908 1.249504
v -1.212803 0.698908 1.249503
v -1.212802 0.940531 1.411777
v -1.212803 0.698908 1.249503
v -0.519040 0.698908 1.249504
v -0.519040 0.940531 1.411777
v -1.214317 0.936854 -2.278032
v -0.534534 0.935483 -2.279297
v -1.212803 0.698908 1.249503
v -1.212803 0.810757 -1.324397
v -1.212803 0.634041 -1.270187
v -1.212802 0.940531 1.411777
v -1.212803 0.940531 1.281650
v -1.190135 2.227555 -1.697785
v -1.188092 2.221185 -1.124349
v -1.169892 2.817757 -1.132568
v -1.157669 2.817801 -1.697786
v -1.075739 3.415756 -1.242457
v -1.067287 3.361503 -1.700848
v -1.182190 2.817757 -0.627222
v -1.132457 3.416397 -0.668295
v -1.012025 3.522039 -1.456280
v -1.010597 3.448952 -1.853391
v -1.082874 3.610442 -0.691269
v -1.010597 3.448952 -1.853391
v -1.012025 3.522039 -1.456280
v -0.915512 3.545045 -1.691494
v -0.921874 3.488273 -1.926370
v -1.082874 3.610442 -0.691269
v -0.906365 3.713285 -0.781499
v -0.000001 3.554184 -1.691493
v -0.000001 3.492791 -1.966838
v -0.653648 3.714001 -0.884260
v -0.000000 3.720255 -0.924550
v -0.534534 0.807915 -2.359607
v -0.534534 0.643895 -2.438251
v -0.534534 0.634041 -1.270186
v -0.534534 0.811037 -1.324680
v -0.534533 0.257772 -2.462626
v -0.520674 0.257773 -1.231897
v -1.182190 2.817757 -0.627222
v -1.199830 2.218131 -0.617734
v -1.068218 2.225200 -0.900281
v -0.942569 3.416397 -0.921195
v -1.132457 3.416397 -0.668295
v -1.082874 3.610442 -0.691269
v -0.906365 3.713285 -0.781499
v -1.205521 0.693747 2.430668
v -1.205521 0.940531 2.252342
v -1.205521 0.940531 2.152230
v -1.205521 0.693747 2.343661
v -0.653648 3.714001 -0.884260
v -0.000000 3.417332 -0.919844
v -0.000000 3.720255 -0.924550
v -0.519032 0.848311 2.787004
v -0.519032 0.690928 2.787282
v 0.000001 0.690451 2.787282
v 0.000001 0.848312 2.787003
v -0.519041 0.940531 2.151742
v -0.519041 0.693748 2.344272
v -1.205521 0.693747 2.343661
v -1.205521 0.940531 2.152230
v -1.211439 0.283592 2.415421
v -1.211439 0.283592 2.435772
v -1.132063 0.940531 -0.881360
v -1.212803 0.940531 -0.591638
v -0.410822 0.940531 0.941868
v -0.000000 0.940531 -0.881361
v 0.000000 0.940531 0.941868
v -0.000001 0.257772 -2.463137
v -0.000000 0.257773 -1.232867
v 0.000000 0.277886 1.211583
v 0.000000 0.698908 1.250900
v -0.519041 0.940531 2.252342
v -0.519220 0.693602 2.430669
v -0.519032 0.690928 2.787282
v 0.000001 0.940531 2.252341
v -1.212803 0.260561 1.211418
v -1.212803 0.257773 -1.231896
v -1.213289 0.982662 -2.940618
v -1.210659 0.807113 -2.359571
v -1.180223 0.257772 -2.462626
v -1.206597 0.643895 -2.438252
v -1.206597 0.643895 -2.940618
v -1.180223 0.257773 -2.940618
v -1.182017 0.643895 -3.088421
v -1.155643 0.257773 -3.053795
v -1.188709 0.982662 -3.088421
v -1.155643 0.257773 -3.053795
v -1.182017 0.643895 -3.088421
v -1.098568 0.643895 -3.184374
v -1.072194 0.257773 -3.149750
v -1.188709 0.982662 -3.088421
v -1.105260 0.982662 -3.184374
v -0.777816 0.483111 -3.258201
v -0.759875 0.257773 -3.223577
v -0.792940 0.982662 -3.258201
v -0.000001 0.483111 -3.284891
v -0.000001 0.257773 -3.250267
v -0.000001 0.982662 -3.284891
v -1.207847 1.373781 -1.701480
v -1.207552 2.091316 -2.200169
v -1.213554 1.303908 -2.080777
v -1.213289 1.189686 -2.491852
v -1.143853 1.141363 -2.896386
v -1.143853 0.982654 -2.896412
v -1.130384 0.982654 -3.044213
v -1.130384 1.141437 -3.044213
v -1.058239 0.982654 -3.140167
v -1.130384 0.982654 -3.044213
v -1.130384 1.141437 -3.044213
v -1.058239 1.141437 -3.140167
v -0.792940 1.114353 -3.258201
v -0.000001 1.114352 -3.284891
v -1.213289 1.141370 -2.940594
v -1.213289 2.001883 -2.630156
v -1.213289 1.964001 -2.940594
v -1.213289 1.642834 -2.940594
v -1.249631 1.141370 -2.983696
v -1.249631 1.631120 -2.983696
v -1.225051 1.620304 -3.105611
v -1.225051 1.141445 -3.112285
v -1.225051 1.141445 -3.112285
v -1.225051 1.620304 -3.105611
v -1.147692 1.523861 -3.192344
v -1.156713 1.141445 -3.199720
v -1.149382 2.817802 -2.158974
v -1.135248 2.817801 -2.465295
v -1.110704 2.817801 -2.678144
v -1.086093 2.817802 -2.788285
v -1.104629 2.641233 -2.854004
v -1.101110 2.639737 -2.893165
v -1.082574 2.816306 -2.827444
v -1.013051 2.816306 -2.910254
v -1.032252 2.601609 -2.992912
v -0.775081 2.816306 -2.973562
v -0.781048 2.583234 -3.063611
v -0.000001 2.816306 -3.000255
v -0.000001 2.581521 -3.090952
v -1.199830 2.218131 -0.617734
v -1.071645 3.261425 -2.091612
v -1.087000 3.078199 -2.481364
v -1.048241 3.078199 -2.599552
v -1.016798 2.817801 -2.871094
v -1.086093 2.817802 -2.788285
v -1.048241 3.078199 -2.599552
v -0.983043 3.078199 -2.687193
v -0.766058 2.817801 -2.934402
v -0.744763 3.078199 -2.747864
v -0.000001 2.817802 -2.961094
v -0.000001 3.078199 -2.774554
v -1.034102 3.175651 -2.503039
v -1.034102 3.175651 -2.503039
v -0.958560 3.210366 -2.559824
v -0.744763 3.210366 -2.620495
v -0.000001 3.210366 -2.647186
v -1.018049 3.321119 -2.206480
v -1.018049 3.321119 -2.206480
v -0.940838 3.343414 -2.336523
v -0.744763 3.343415 -2.397192
v -0.000001 3.343415 -2.423884
v -1.188709 1.964076 -3.088421
v -1.188709 1.632018 -3.088421
v -1.188709 1.632018 -3.088421
v -1.188709 1.964076 -3.088421
v -1.105260 1.964076 -3.184374
v -1.105260 1.523861 -3.184374
v -0.792940 1.964076 -3.258202
v -0.000001 1.964076 -3.284892
v -0.772025 2.584729 -3.024450
v -0.000001 2.583016 -3.051790
v -1.035999 2.603104 -2.953750
v -1.104629 2.641233 -2.854004
v -0.000001 2.583016 -3.051790
v -0.772025 2.584729 -3.024450
v -1.035999 2.603104 -2.953750
v -1.104629 2.641233 -2.854004
v -1.082574 2.816306 -2.827444
v -1.101110 2.639737 -2.893165
v -1.180223 0.257773 -2.940618
v -1.155643 0.257773 -3.053795
v -1.072194 0.257773 -3.149750
v -0.759875 0.257773 -3.223577
v -0.000001 0.257773 -3.250267
v -0.516318 0.277886 1.211418
v -1.212803 0.260561 1.211418
v 0.000000 0.277886 1.211583
v -0.518549 0.940531 1.281651
v -1.212803 0.940531 1.281650
v -0.519040 0.940531 1.411777
v -0.414287 0.940531 1.714465
v -1.205521 1.090670 2.033653
v -1.205521 1.031278 1.993858
v -1.205521 0.940531 2.252342
v -0.519041 0.940531 2.252342
v -0.519041 1.090670 2.033653
v -1.205521 1.090670 2.033653
v -1.205521 1.031278 1.993858
v -0.519041 1.031279 1.993858
v -1.205521 1.132411 1.776825
v -1.205521 1.094012 1.521942
v -1.205521 1.033383 1.543853
v -1.205521 1.072275 1.776825
v -0.519041 1.094012 1.521182
v -1.205521 1.094012 1.521942
v -1.205521 1.132411 1.776825
v -0.519041 1.132243 1.776824
v -1.205521 1.072275 1.776825
v -1.205521 1.033383 1.543853
v -0.519041 1.033383 1.544825
v -0.519041 1.072145 1.776824
v -0.518549 0.940531 1.281651
v -1.212803 0.940531 1.281650
v -1.205521 0.693747 2.343661
v -0.519041 0.693748 2.344272
v -0.520390 0.283592 2.415421
v -1.211439 0.283592 2.415421
v -1.211439 0.283592 2.435772
v -0.520390 0.283592 2.435771
v -0.669911 0.886723 2.449321
v -1.144134 0.886723 2.449321
v -1.144605 0.760947 2.449321
v -0.672460 0.760947 2.449321
v -1.205521 0.693747 2.430668
v -1.144605 0.760947 2.383568
v -1.144134 0.886723 2.292883
v -1.205521 0.940531 2.252342
v -0.669911 0.886723 2.292883
v -0.519041 0.940531 2.252342
v -0.672460 0.760947 2.385105
v -0.519220 0.693602 2.430669
v -1.144605 0.760947 2.383568
v -0.672460 0.760947 2.385105
v -0.672460 0.760947 2.385105
v -0.669911 0.886723 2.292883
v -0.669911 0.886723 2.292883
v -1.144134 0.886723 2.292883
v -1.144134 0.886723 2.292883
v -1.144605 0.760947 2.383568
v -0.519041 0.940531 2.151742
v -0.519041 1.031279 1.993858
v -0.519041 1.072145 1.776824
v -0.519041 1.033383 1.544825
v -0.519040 0.940531 1.411777
v -0.519041 0.940531 2.151742
v -0.519040 0.940531 1.411777
v -0.519040 0.698908 1.249504
v -0.519041 0.693748 2.344272
v -0.519041 0.940531 2.151742
v -0.520390 0.283592 2.415421
v -0.519041 0.693748 2.344272
v 0.000001 0.693270 2.430666
v -0.343712 0.693456 2.447383
v -0.401720 0.693508 2.447383
v 0.000000 0.698908 1.250900
v 0.000001 0.940531 1.717929
v -0.519220 0.693602 2.430669
v -0.402300 0.693124 2.496180
v -0.519032 0.690928 2.787282
v 0.000001 0.690451 2.787282
v -0.344684 0.693072 2.496160
v -0.401720 0.693508 2.447383
v -0.343712 0.693456 2.447383
v -0.343718 0.384248 2.451776
v -0.401727 0.384248 2.452085
v -0.344684 0.693072 2.496160
v -0.344692 0.384248 2.500803
v -0.343718 0.384248 2.451776
v -0.343712 0.693456 2.447383
v -0.402300 0.693124 2.496180
v -0.402307 0.384248 2.500859
v -0.468870 0.335566 2.453074
v -0.469451 0.335181 2.501869
v -0.469449 0.384245 2.500745
v -0.468869 0.384245 2.451968
v -0.402307 0.384248 2.500859
v -0.469451 0.335181 2.501869
v -0.344692 0.384248 2.500803
v -0.343718 0.384248 2.451776
v -0.468870 0.335566 2.453074
v -0.401727 0.384248 2.452085
v -0.468870 0.335566 2.453074
v 0.000001 0.335521 2.453382
v 0.000001 0.335136 2.502157
v 0.000001 0.384252 2.451968
v 0.000001 0.335521 2.453382
v 0.000001 0.384252 2.500997
v -0.534534 0.935483 -2.279297
v -0.534533 0.922395 -1.394698
v -0.534534 1.121759 -1.953042
v -0.534534 1.055342 -2.142093
v -0.534533 1.046947 -1.523704
v -0.534534 1.134840 -1.702514
v -0.000000 2.222534 -0.901280
v -1.132063 0.940531 -0.881360
v -0.000000 0.940531 -0.881361
v -1.212803 0.940531 -0.591638
v -1.212804 1.120011 -1.956771
v -1.212803 1.134840 -1.702515
v 1.212802 0.922395 -1.394700
v 1.212802 1.047365 -1.524139
v 1.209631 1.392714 -1.112914
v 1.212803 0.940531 -0.591639
v 1.217665 1.055342 -2.142096
v 1.214316 0.936854 -2.278032
v 1.213287 0.982662 -2.326971
v 1.212802 0.810757 -1.324398
v 1.212802 0.634041 -1.270187
v 0.534533 0.634041 -1.270186
v 0.534532 0.811037 -1.324680
v 1.212802 0.257773 -1.231897
v 0.520673 0.257773 -1.231897
v 1.212802 0.922395 -1.394700
v 0.534532 0.922395 -1.394699
v 0.534532 1.046947 -1.523705
v 1.212802 1.047365 -1.524139
v 0.534532 1.134840 -1.702514
v 1.212802 1.134840 -1.702515
v 1.217665 1.055342 -2.142096
v 1.212802 1.120011 -1.956772
v 0.534532 1.121759 -1.953042
v 0.534532 1.055342 -2.142093
v 1.210657 0.807113 -2.359572
v 0.534532 0.807915 -2.359608
v 0.534532 0.643895 -2.438252
v 1.206595 0.643895 -2.438253
v 0.534532 0.257772 -2.462627
v 1.180221 0.257772 -2.462627
v 1.212803 0.260561 1.211417
v 1.212803 0.698908 1.249501
v 0.519041 0.698908 1.249504
v 0.516319 0.277886 1.211417
v 1.212803 0.940531 1.411776
v 0.519041 0.940531 1.411777
v 0.519041 0.698908 1.249504
v 1.212803 0.698908 1.249501
v 0.534532 0.935483 -2.279297
v 1.214316 0.936854 -2.278032
v 1.212803 0.698908 1.249501
v 1.212802 0.634041 -1.270187
v 1.212802 0.810757 -1.324398
v 1.212803 0.940531 1.281649
v 1.212803 0.940531 1.411776
v 1.190133 2.227555 -1.697786
v 1.157668 2.817801 -1.697787
v 1.169891 2.817757 -1.132568
v 1.188091 2.221185 -1.124350
v 1.067285 3.361503 -1.700848
v 1.075738 3.415756 -1.242458
v 1.132456 3.416397 -0.668296
v 1.182189 2.817757 -0.627222
v 1.010596 3.448952 -1.853392
v 1.012024 3.522039 -1.456281
v 1.082873 3.610442 -0.691270
v 1.010596 3.448952 -1.853392
v 0.921873 3.488273 -1.926370
v 0.915511 3.545045 -1.691494
v 1.012024 3.522039 -1.456281
v 0.906365 3.713285 -0.781500
v 1.082873 3.610442 -0.691270
v 0.653647 3.714001 -0.884260
v 0.534532 0.807915 -2.359608
v 0.534532 0.811037 -1.324680
v 0.534533 0.634041 -1.270186
v 0.534532 0.643895 -2.438252
v 0.520673 0.257773 -1.231897
v 0.534532 0.257772 -2.462627
v 1.182189 2.817757 -0.627222
v 0.942568 3.416397 -0.921196
v 1.068217 2.225200 -0.900282
v 1.199829 2.218131 -0.617735
v 1.132456 3.416397 -0.668296
v 1.082873 3.610442 -0.691270
v 0.906365 3.713285 -0.781500
v 1.205522 0.693747 2.430666
v 1.205522 0.693747 2.343659
v 1.205522 0.940531 2.152230
v 1.205522 0.940531 2.252341
v 0.653647 3.714001 -0.884260
v 0.519034 0.848311 2.787004
v 0.519034 0.690928 2.787281
v 0.519042 0.940531 2.151742
v 1.205522 0.940531 2.152230
v 1.205522 0.693747 2.343659
v 0.519042 0.693748 2.344272
v 1.211440 0.283592 2.435771
v 1.211440 0.283592 2.415419
v 1.132062 0.940531 -0.881361
v 0.410823 0.940531 0.941868
v 1.212803 0.940531 -0.591639
v 0.519042 0.940531 2.252341
v 0.519034 0.690928 2.787281
v 0.519222 0.693602 2.430669
v 1.212803 0.260561 1.211417
v 1.212802 0.257773 -1.231897
v 1.210657 0.807113 -2.359572
v 1.213287 0.982662 -2.940619
v 1.180221 0.257772 -2.462627
v 1.180221 0.257773 -2.940619
v 1.206595 0.643895 -2.940619
v 1.206595 0.643895 -2.438253
v 1.155640 0.257773 -3.053795
v 1.182015 0.643895 -3.088422
v 1.188707 0.982662 -3.088422
v 1.155640 0.257773 -3.053795
v 1.072191 0.257773 -3.149750
v 1.098566 0.643895 -3.184375
v 1.182015 0.643895 -3.088422
v 1.188707 0.982662 -3.088422
v 1.105257 0.982662 -3.184375
v 0.759872 0.257773 -3.223578
v 0.777814 0.483111 -3.258202
v 0.792938 0.982662 -3.258202
v 1.207845 1.373781 -1.701481
v 1.213553 1.303908 -2.080778
v 1.207550 2.091316 -2.200170
v 1.213287 1.189686 -2.491853
v 1.143851 1.141363 -2.896387
v 1.143851 0.982654 -2.896412
v 1.130382 0.982654 -3.044214
v 1.130382 1.141437 -3.044214
v 1.058237 0.982654 -3.140168
v 1.058237 1.141437 -3.140168
v 1.130382 1.141437 -3.044214
v 1.130382 0.982654 -3.044214
v 0.792938 1.114353 -3.258202
v 1.213287 1.141370 -2.940594
v 1.213287 2.001883 -2.630157
v 1.213287 1.642834 -2.940594
v 1.213287 1.964001 -2.940595
v 1.249629 1.141370 -2.983696
v 1.225049 1.141445 -3.112286
v 1.225049 1.620304 -3.105611
v 1.249629 1.631120 -2.983696
v 1.225049 1.141445 -3.112286
v 1.156711 1.141445 -3.199721
v 1.147689 1.523861 -3.192345
v 1.225049 1.620304 -3.105611
v 1.135247 2.817801 -2.465296
v 1.149380 2.817802 -2.158975
v 1.110703 2.817801 -2.678146
v 1.104627 2.641233 -2.854005
v 1.086091 2.817802 -2.788286
v 1.101108 2.639737 -2.893165
v 1.032250 2.601609 -2.992912
v 1.013049 2.816306 -2.910255
v 1.082572 2.816306 -2.827445
v 0.781046 2.583234 -3.063611
v 0.775078 2.816306 -2.973564
v 1.199829 2.218131 -0.617735
v 1.086998 3.078199 -2.481365
v 1.071643 3.261425 -2.091613
v 1.048239 3.078199 -2.599552
v 1.016796 2.817801 -2.871095
v 0.983041 3.078199 -2.687194
v 1.048239 3.078199 -2.599552
v 1.086091 2.817802 -2.788286
v 0.766056 2.817801 -2.934404
v 0.744761 3.078199 -2.747865
v 1.034100 3.175651 -2.503039
v 0.958558 3.210366 -2.559824
v 1.034100 3.175651 -2.503039
v 0.744762 3.210366 -2.620496
v 1.018048 3.321119 -2.206481
v 0.940837 3.343414 -2.336523
v 1.018048 3.321119 -2.206481
v 0.744762 3.343415 -2.397192
v 1.188707 1.632018 -3.088422
v 1.188707 1.964076 -3.088422
v 1.188707 1.632018 -3.088422
v 1.105257 1.523861 -3.184375
v 1.105257 1.964076 -3.184375
v 1.188707 1.964076 -3.088422
v 0.792938 1.964076 -3.258202
v 0.772023 2.584729 -3.024451
v 1.035997 2.603104 -2.953751
v 1.104627 2.641233 -2.854005
v 0.772023 2.584729 -3.024451
v 1.035997 2.603104 -2.953751
v 1.104627 2.641233 -2.854005
v 1.101108 2.639737 -2.893165
v 1.082572 2.816306 -2.827445
v 1.180221 0.257773 -2.940619
v 1.155640 0.257773 -3.053795
v 1.072191 0.257773 -3.149750
v 0.759872 0.257773 -3.223578
v 1.212803 0.260561 1.211417
v 0.516319 0.277886 1.211417
v 0.518550 0.940531 1.281650
v 1.212803 0.940531 1.281649
v 0.414288 0.940531 1.714465
v 0.519041 0.940531 1.411777
v 1.205522 1.031278 1.993856
v 1.205522 1.090670 2.033652
v 1.205522 0.940531 2.252341
v 1.205522 1.090670 2.033652
v 0.519042 1.090670 2.033652
v 0.519042 0.940531 2.252341
v 0.519042 1.031279 1.993857
v 1.205522 1.031278 1.993856
v 1.205522 1.132411 1.776824
v 1.205522 1.072275 1.776824
v 1.205522 1.033383 1.543852
v 1.205522 1.094012 1.521941
v 0.519042 1.094012 1.521182
v 0.519042 1.132243 1.776824
v 1.205522 1.132411 1.776824
v 1.205522 1.094012 1.521941
v 1.205522 1.072275 1.776824
v 0.519042 1.072145 1.776824
v 0.519042 1.033383 1.544825
v 1.205522 1.033383 1.543852
v 1.212803 0.940531 1.281649
v 0.518550 0.940531 1.281650
v 1.205522 0.693747 2.343659
v 1.211440 0.283592 2.415419
v 0.520391 0.283592 2.415420
v 0.519042 0.693748 2.344272
v 1.211440 0.283592 2.435771
v 0.520391 0.283592 2.435771
v 0.669912 0.886723 2.449321
v 0.672462 0.760947 2.449319
v 1.144607 0.760947 2.449319
v 1.144135 0.886723 2.449319
v 1.205522 0.693747 2.430666
v 1.205522 0.940531 2.252341
v 1.144135 0.886723 2.292882
v 1.144606 0.760947 2.383566
v 0.669912 0.886723 2.292881
v 0.519042 0.940531 2.252341
v 0.519222 0.693602 2.430669
v 0.672461 0.760947 2.385105
v 1.144606 0.760947 2.383566
v 0.672461 0.760947 2.385105
v 0.672461 0.760947 2.385105
v 0.669912 0.886723 2.292881
v 0.669912 0.886723 2.292881
v 1.144135 0.886723 2.292882
v 1.144135 0.886723 2.292882
v 1.144606 0.760947 2.383566
v 0.519042 1.031279 1.993857
v 0.519042 0.940531 2.151742
v 0.519042 1.072145 1.776824
v 0.519041 0.940531 1.411777
v 0.519042 1.033383 1.544825
v 0.519042 0.940531 2.151742
v 0.519041 0.940531 1.411777
v 0.519042 0.940531 2.151742
v 0.519042 0.693748 2.344272
v 0.519041 0.698908 1.249504
v 0.519042 0.693748 2.344272
v 0.520391 0.283592 2.415420
v 0.401721 0.693508 2.447383
v 0.343713 0.693456 2.447383
v 0.519222 0.693602 2.430669
v 0.519034 0.690928 2.787281
v 0.402302 0.693124 2.496180
v 0.344686 0.693072 2.496160
v 0.401721 0.693508 2.447383
v 0.401729 0.384248 2.452084
v 0.343720 0.384248 2.451776
v 0.343713 0.693456 2.447383
v 0.344686 0.693072 2.496160
v 0.343713 0.693456 2.447383
v 0.343720 0.384248 2.451776
v 0.344693 0.384248 2.500803
v 0.402302 0.693124 2.496180
v 0.402309 0.384248 2.500859
v 0.468872 0.335566 2.453073
v 0.468870 0.384245 2.451967
v 0.469451 0.384245 2.500745
v 0.469452 0.335181 2.501868
v 0.402309 0.384248 2.500859
v 0.344693 0.384248 2.500803
v 0.469452 0.335181 2.501868
v 0.343720 0.384248 2.451776
v 0.401729 0.384248 2.452084
v 0.468872 0.335566 2.453073
v 0.468872 0.335566 2.453073
v 0.534532 0.935483 -2.279297
v 0.534532 0.922395 -1.394699
v 0.534532 1.121759 -1.953042
v 0.534532 1.134840 -1.702514
v 0.534532 1.046947 -1.523705
v 0.534532 1.055342 -2.142093
v 1.132062 0.940531 -0.881361
v 1.212803 0.940531 -0.591639
v 1.212802 1.120011 -1.956772
v 1.212802 1.134840 -1.702515
v -1.350729 2.649107 -2.610463
v -1.377554 2.649107 -2.583637
v -1.150916 2.649107 -2.579602
v -1.146043 2.649107 -2.646973
v -1.361229 2.149444 -2.623073
v -1.195485 2.001447 -2.678611
v -1.195396 1.999530 -2.613284
v -1.388055 2.149444 -2.596246
v -1.154668 2.628823 -2.595986
v -1.365189 2.628823 -2.567336
v -1.375689 2.168574 -2.579945
v -1.196212 2.035725 -2.624503
v -1.335709 2.628823 -2.596539
v -1.148040 2.628823 -2.655703
v -1.346210 2.168595 -2.609149
v -1.190788 2.037080 -2.681605
v -1.375689 2.168574 -2.579945
v -1.196212 2.035725 -2.624503
v -1.365189 2.628823 -2.567336
v -1.154668 2.628823 -2.595986
v -1.382999 2.457899 -2.511170
v -1.352302 2.483435 -2.526869
v -1.516139 2.492123 -2.414592
v -1.493198 2.463743 -2.435651
v -1.356836 2.639760 -2.493090
v -1.467035 2.645604 -2.417571
v -1.497733 2.620069 -2.401872
v -1.333895 2.611380 -2.514148
v -1.516139 2.492123 -2.414592
v -1.523864 2.501022 -2.488109
v -1.493198 2.463743 -2.435651
v -1.497733 2.620069 -2.401872
v -1.506244 2.623838 -2.475866
v -1.420443 2.495983 -2.558895
v -1.382999 2.457899 -2.511170
v -1.349300 2.478772 -2.582543
v -1.325573 2.471941 -2.547167
v -1.318959 2.453544 -2.555245
v -1.343541 2.454431 -2.591213
v -1.403243 2.618674 -2.546394
v -1.333895 2.611380 -2.514148
v -1.352302 2.483435 -2.526869
v -1.356836 2.639760 -2.493090
v -1.467035 2.645604 -2.417571
v -1.382999 2.457899 -2.511170
v -1.379324 2.455767 -2.579921
v -1.379324 2.455767 -2.579921
v -1.343541 2.454431 -2.591213
v -1.564099 2.410591 -2.461310
v -1.357085 2.419024 -2.516778
v -1.402766 2.450528 -2.504539
v -1.529528 2.443039 -2.470572
v -1.535290 2.100474 -2.469028
v -1.408527 2.043682 -2.502995
v -1.365705 2.075300 -2.514470
v -1.572742 2.142905 -2.458994
v -1.359986 2.303347 -2.516001
v -1.357085 2.419024 -2.516778
v -1.421723 2.403543 -2.594941
v -1.402766 2.450528 -2.504539
v -1.427327 2.091242 -2.593014
v -1.425533 2.191202 -2.593631
v -1.362804 2.190976 -2.515246
v -1.365705 2.075300 -2.514470
v -1.546303 2.396919 -2.556884
v -1.529528 2.443039 -2.470572
v -1.564099 2.410591 -2.461310
v -1.551916 2.151068 -2.554954
v -1.572742 2.142905 -2.458994
v -1.535290 2.100474 -2.469028
v -1.408527 2.043682 -2.502995
v -1.423517 2.303584 -2.594325
v -1.359986 2.303347 -2.516001
v -1.352044 2.302450 -2.624285
v -1.333333 2.302380 -2.601218
v -1.335806 2.190004 -2.600554
v -1.354210 2.190070 -2.623552
v -1.362804 2.190976 -2.515246
v -1.362804 2.190976 -2.515246
v -1.425533 2.191202 -2.593631
v -1.354210 2.190070 -2.623552
v -1.359986 2.303347 -2.516001
v -1.352044 2.302450 -2.624285
v -1.423517 2.303584 -2.594325
v -0.251596 0.466210 1.656505
v -0.222903 0.580112 1.724156
v -0.175706 0.649425 1.656505
v 0.000001 0.649425 1.656505
v -0.175706 0.649425 1.908993
v 0.000001 0.649425 1.908993
v -0.093989 0.225612 1.656505
v 0.000001 0.207106 1.656505
v 0.000001 0.207106 1.908993
v -0.093989 0.225612 1.908993
v -0.175706 0.282996 1.656505
v -0.175706 0.282996 1.908993
v -0.222903 0.352309 1.841342
v -0.222903 0.352309 1.724156
v 0.000000 0.466210 1.346229
v -0.251596 0.466210 1.656505
v -0.175706 0.649425 1.656505
v 0.000001 0.466210 2.044216
v -0.175706 0.649425 1.908993
v -0.251596 0.466210 1.908993
v 0.000001 0.649425 1.908993
v -0.093989 0.225612 1.656505
v -0.175706 0.282996 1.656505
v -0.093989 0.225612 1.908993
v 0.000001 0.207106 1.908993
v -0.175706 0.282996 1.908993
v 0.000001 0.649425 1.656505
v -0.222903 0.580112 1.841342
v -0.251596 0.466210 1.656505
v -0.251596 0.466210 1.908993
v -0.251596 0.466210 1.908993
v -0.251596 0.466210 1.656505
v -0.382948 0.466210 1.691730
v -0.382948 0.548331 1.740504
v -0.222903 0.580112 1.724156
v -0.222903 0.352309 1.724156
v -0.382948 0.384089 1.740504
v -0.382948 0.466210 1.691730
v -0.251596 0.466210 1.656505
v -0.382948 0.548331 1.824993
v -0.222903 0.580112 1.841342
v -0.222903 0.352309 1.841342
v -0.382948 0.384089 1.824995
v -0.382948 0.466210 1.873769
v -0.251596 0.466210 1.908993
v -1.029387 0.466210 1.691730
v -1.029387 0.548331 1.740505
v -1.029387 0.384089 1.740505
v -1.029387 0.466210 1.691730
v -1.029387 0.548331 1.824993
v -1.029387 0.384089 1.824993
v -1.029387 0.466210 1.873769
v 0.000000 1.218730 1.033921
v -0.220794 1.218730 1.081465
v 0.000000 1.218729 1.514164
v -0.418542 1.218729 1.450085
v -0.342995 1.190216 1.739053
v -0.183868 1.190216 1.788794
v -0.370807 1.218730 1.230510
v -0.183868 1.156135 1.788794
v 0.000000 1.171096 1.514409
v -0.418542 1.171096 1.450085
v -0.342995 1.156135 1.739053
v -0.370807 1.171096 1.230510
v -0.220794 1.171096 1.081465
v -0.244988 1.171096 1.425769
v 0.000000 1.171096 1.514409
v -0.183868 1.156135 1.788794
v -0.342995 1.156135 1.739053
v -0.230700 1.171096 1.261971
v -0.370807 1.171096 1.230510
v -0.220794 1.171096 1.081465
v 0.000000 1.171096 1.033921
v 0.000000 1.171095 1.184538
v -0.418542 1.171096 1.450085
v -0.169785 1.050500 1.430934
v 0.000000 1.050498 1.473183
v 0.000000 1.171096 1.514409
v -0.244988 1.171096 1.425769
v -0.169663 1.050500 1.312778
v -0.230700 1.171096 1.261971
v 0.000000 1.050499 1.260024
v 0.000000 1.171095 1.184538
v -0.317725 1.152063 1.825875
v -0.317725 1.130013 1.825875
v -0.243873 1.152063 1.827935
v -0.243873 1.130013 1.827935
v -0.317725 1.130013 1.825875
v 0.000001 0.940531 1.717929
v 0.000000 1.050498 1.473183
v -0.169785 1.050500 1.430934
v -0.414287 0.940531 1.714465
v 0.000000 0.940531 0.941868
v -0.410822 0.940531 0.941868
v -0.169663 1.050500 1.312778
v 0.000000 1.050499 1.260024
v 0.000001 0.207106 1.656505
v -1.029387 0.466210 1.782677
v -1.029387 0.466210 1.782677
v -1.029387 0.548331 1.740505
v -1.029387 0.466210 1.782677
v -1.029387 0.548331 1.824993
v -1.029387 0.384089 1.824993
v -1.029387 0.466210 1.782677
v -1.029387 0.384089 1.740505
v -1.029387 0.548331 1.824993
v -1.029387 0.466210 1.873769
v -1.029387 0.384089 1.824993
v -0.243873 1.130013 1.827935
v 0.000000 1.171096 1.033921
v 1.350727 2.649107 -2.610464
v 1.146041 2.649107 -2.646974
v 1.150915 2.649107 -2.579603
v 1.377553 2.649107 -2.583638
v 1.361227 2.149444 -2.623074
v 1.388053 2.149444 -2.596247
v 1.195394 1.999530 -2.613285
v 1.195483 2.001447 -2.678612
v 1.154666 2.628823 -2.595986
v 1.365187 2.628823 -2.567337
v 1.375688 2.168574 -2.579946
v 1.196211 2.035725 -2.624504
v 1.335708 2.628823 -2.596540
v 1.148038 2.628823 -2.655703
v 1.346208 2.168595 -2.609150
v 1.190786 2.037080 -2.681606
v 1.196211 2.035725 -2.624504
v 1.375688 2.168574 -2.579946
v 1.365187 2.628823 -2.567337
v 1.154666 2.628823 -2.595986
v 1.382997 2.457899 -2.511171
v 1.493196 2.463743 -2.435652
v 1.516137 2.492123 -2.414593
v 1.352300 2.483435 -2.526870
v 1.356835 2.639760 -2.493091
v 1.333894 2.611380 -2.514150
v 1.497731 2.620069 -2.401873
v 1.467034 2.645604 -2.417571
v 1.516137 2.492123 -2.414593
v 1.493196 2.463743 -2.435652
v 1.523862 2.501022 -2.488110
v 1.506243 2.623838 -2.475867
v 1.497731 2.620069 -2.401873
v 1.420441 2.495983 -2.558896
v 1.382997 2.457899 -2.511171
v 1.349298 2.478772 -2.582544
v 1.343539 2.454431 -2.591214
v 1.318957 2.453544 -2.555246
v 1.325571 2.471941 -2.547167
v 1.403242 2.618674 -2.546395
v 1.352300 2.483435 -2.526870
v 1.333894 2.611380 -2.514150
v 1.356835 2.639760 -2.493091
v 1.467034 2.645604 -2.417571
v 1.382997 2.457899 -2.511171
v 1.379323 2.455767 -2.579923
v 1.343539 2.454431 -2.591214
v 1.379323 2.455767 -2.579923
v 1.564098 2.410591 -2.461311
v 1.529526 2.443039 -2.470574
v 1.402764 2.450528 -2.504540
v 1.357083 2.419024 -2.516780
v 1.535288 2.100474 -2.469030
v 1.572741 2.142905 -2.458995
v 1.365704 2.075300 -2.514471
v 1.408526 2.043682 -2.502996
v 1.359984 2.303347 -2.516002
v 1.357083 2.419024 -2.516780
v 1.402764 2.450528 -2.504540
v 1.421721 2.403543 -2.594942
v 1.427325 2.091242 -2.593015
v 1.365704 2.075300 -2.514471
v 1.362803 2.190976 -2.515247
v 1.425532 2.191202 -2.593632
v 1.546302 2.396919 -2.556885
v 1.529526 2.443039 -2.470574
v 1.564098 2.410591 -2.461311
v 1.551914 2.151068 -2.554955
v 1.572741 2.142905 -2.458995
v 1.535288 2.100474 -2.469030
v 1.408526 2.043682 -2.502996
v 1.423515 2.303584 -2.594326
v 1.359984 2.303347 -2.516002
v 1.352042 2.302450 -2.624286
v 1.354208 2.190070 -2.623553
v 1.335804 2.190004 -2.600556
v 1.333331 2.302380 -2.601219
v 1.362803 2.190976 -2.515247
v 1.354208 2.190070 -2.623553
v 1.425532 2.191202 -2.593632
v 1.362803 2.190976 -2.515247
v 1.359984 2.303347 -2.516002
v 1.352042 2.302450 -2.624286
v 1.423515 2.303584 -2.594326
v 0.251597 0.466210 1.656505
v 0.175707 0.649425 1.656505
v 0.222904 0.580112 1.724156
v 0.175707 0.649425 1.908993
v 0.093990 0.225612 1.656505
v 0.093990 0.225612 1.908993
v 0.175707 0.282996 1.656505
v 0.222904 0.352309 1.724156
v 0.222904 0.352309 1.841342
v 0.175707 0.282996 1.908993
v 0.175707 0.649425 1.656505
v 0.251597 0.466210 1.656505
v 0.251597 0.466210 1.908993
v 0.175707 0.649425 1.908993
v 0.175707 0.282996 1.656505
v 0.093990 0.225612 1.656505
v 0.093990 0.225612 1.908993
v 0.175707 0.282996 1.908993
v 0.222904 0.580112 1.841342
v 0.251597 0.466210 1.656505
v 0.251597 0.466210 1.908993
v 0.251597 0.466210 1.908993
v 0.251597 0.466210 1.656505
v 0.222904 0.580112 1.724156
v 0.382949 0.548331 1.740504
v 0.382949 0.466210 1.691729
v 0.222904 0.352309 1.724156
v 0.251597 0.466210 1.656505
v 0.382949 0.466210 1.691729
v 0.382949 0.384089 1.740504
v 0.222904 0.580112 1.841342
v 0.382949 0.548331 1.824993
v 0.222904 0.352309 1.841342
v 0.382949 0.384089 1.824993
v 0.251597 0.466210 1.908993
v 0.382949 0.466210 1.873769
v 1.029388 0.548331 1.740503
v 1.029388 0.466210 1.691728
v 1.029388 0.466210 1.691728
v 1.029388 0.384089 1.740503
v 1.029388 0.548331 1.824993
v 1.029388 0.384089 1.824993
v 1.029388 0.466210 1.873767
v 0.220795 1.218730 1.081464
v 0.418543 1.218729 1.450085
v 0.183869 1.190216 1.788794
v 0.342996 1.190216 1.739053
v 0.370807 1.218730 1.230509
v 0.000000 1.171096 1.514409
v 0.183869 1.156135 1.788794
v 0.342996 1.156135 1.739053
v 0.418543 1.171096 1.450085
v 0.370807 1.171096 1.230509
v 0.220795 1.171096 1.081464
v 0.244989 1.171096 1.425768
v 0.342996 1.156135 1.739053
v 0.183869 1.156135 1.788794
v 0.000000 1.171096 1.514409
v 0.230701 1.171096 1.261971
v 0.220795 1.171096 1.081464
v 0.370807 1.171096 1.230509
v 0.418543 1.171096 1.450085
v 0.169786 1.050500 1.430933
v 0.244989 1.171096 1.425768
v 0.000000 1.171096 1.514409
v 0.000000 1.050498 1.473183
v 0.169664 1.050500 1.312778
v 0.230701 1.171096 1.261971
v 0.317726 1.152063 1.825875
v 0.317726 1.130013 1.825875
v 0.243874 1.152063 1.827935
v 0.317726 1.130013 1.825875
v 0.243874 1.130013 1.827935
v 0.414288 0.940531 1.714465
v 0.169786 1.050500 1.430933
v 0.169664 1.050500 1.312778
v 0.410823 0.940531 0.941868
v 1.029388 0.466210 1.782676
v 1.029388 0.466210 1.782676
v 1.029388 0.548331 1.740503
v 1.029388 0.548331 1.824993
v 1.029388 0.466210 1.782676
v 1.029388 0.384089 1.824993
v 1.029388 0.384089 1.740503
v 1.029388 0.466210 1.782676
v 1.029388 0.548331 1.824993
v 1.029388 0.466210 1.873767
v 1.029388 0.466210 1.782676
v 1.029388 0.466210 1.873767
v 1.029388 0.384089 1.824993
v 1.029388 0.466210 1.782676
v 0.243874 1.130013 1.827935
v 0.887967 2.411330 -3.200412
v 0.882662 2.463445 -3.046750
v 0.852603 2.463493 -3.054031
v 1.059558 2.411056 -3.158861
v 1.077724 2.418946 -3.130913
v 1.053108 2.455254 -3.029024
v 1.024195 2.463220 -3.012480
v 0.834438 2.455602 -3.081975
v 0.859053 2.419294 -3.183866
v 0.847535 2.504006 -3.091517
v 0.870257 2.472899 -3.183984
v 0.859053 2.419294 -3.183866
v 0.834438 2.455602 -3.081975
v 0.867323 2.524960 -3.069665
v 0.852603 2.463493 -3.054031
v 0.882662 2.463445 -3.046750
v 0.886704 2.524929 -3.064973
v 0.898468 2.479020 -3.198586
v 1.049590 2.478780 -3.161993
v 1.059558 2.411056 -3.158861
v 0.887967 2.411330 -3.200412
v 1.067976 2.472584 -3.136107
v 1.045973 2.503691 -3.043467
v 1.053108 2.455254 -3.029024
v 1.077724 2.418946 -3.130913
v 1.018445 2.524720 -3.033072
v 1.024195 2.463220 -3.012480
v 1.014193 2.501780 -3.102332
v 0.999063 2.524750 -3.037765
v 0.994136 2.463267 -3.019758
v 0.902719 2.501958 -3.129326
v 0.994136 2.463267 -3.019758
v 0.888222 2.573076 -3.068990
v 0.999696 2.572898 -3.041997
v 1.014193 2.501780 -3.102332
v 0.902719 2.501958 -3.129326
v 0.871378 2.583165 -2.999366
v 0.982852 2.582986 -2.972373
v 0.882662 2.463445 -3.046750
v 0.876606 2.512833 -3.023330
v 0.886704 2.524929 -3.064973
v 0.999063 2.524750 -3.037765
v 0.988518 2.512655 -2.996232
v 0.994136 2.463267 -3.019758
v -1.213289 2.001883 -2.630156
v -1.135248 2.817801 -2.465295
v -1.149382 2.817802 -2.158974
v -1.207552 2.091316 -2.200169
v -1.157669 2.817801 -1.697786
v -1.190135 2.227555 -1.697785
v 0.792938 1.839744 -3.258202
v -0.000001 1.839744 -3.284892
v 1.213287 2.001883 -2.630157
v 1.207550 2.091316 -2.200170
v -1.110704 2.817801 -2.678144
v -0.772025 2.584729 -3.024450
v -1.135248 2.817801 -2.465295
v -0.000001 1.964076 -3.284892
v -0.000001 2.583016 -3.051790
v -0.772025 2.584729 -3.024450
v -0.792940 1.964076 -3.258202
v -1.035999 2.603104 -2.953750
v -1.105260 1.964076 -3.184374
v -1.104629 2.641233 -2.854004
v -1.188709 1.964076 -3.088421
v -1.104629 2.641233 -2.854004
v -1.110704 2.817801 -2.678144
v -1.213289 1.964001 -2.940594
v -1.188709 1.964076 -3.088421
v 1.213287 2.001883 -2.630157
v 1.207550 2.091316 -2.200170
v 1.149380 2.817802 -2.158975
v 1.135247 2.817801 -2.465296
v 1.190133 2.227555 -1.697786
v 1.157668 2.817801 -1.697787
v -1.188709 1.964076 -3.088421
v -1.213289 1.964001 -2.940594
v -1.188709 1.839745 -3.088421
v 1.188707 1.964076 -3.088422
v 1.188707 1.839744 -3.088422
v 1.213287 1.964001 -2.940595
v -1.213289 2.001883 -2.630156
v -1.207552 2.091316 -2.200169
v 0.792938 1.964076 -3.258202
v 0.772023 2.584729 -3.024451
v 1.105257 1.964076 -3.184375
v 1.035997 2.603104 -2.953751
v 1.188707 1.964076 -3.088422
v 1.104627 2.641233 -2.854005
v 1.104627 2.641233 -2.854005
v 1.188707 1.964076 -3.088422
v 1.213287 1.964001 -2.940595
v 1.110703 2.817801 -2.678146
v 1.105257 1.839744 -3.184375
v -0.000001 1.839744 -3.284892
v 0.792938 1.839744 -3.258202
v -0.792940 1.839745 -3.258202
v 1.105257 1.839744 -3.184375
v 1.188707 1.839744 -3.088422
v -1.188709 1.839745 -3.088421
v -1.105260 1.839744 -3.184374
v -0.792940 1.839745 -3.258202
v -1.105260 1.839744 -3.184374
v -0.000001 2.583016 -3.051790
v 0.772023 2.584729 -3.024451
v 1.135247 2.817801 -2.465296
v -1.190135 2.227555 -1.697785
v 1.190133 2.227555 -1.697786
v 1.035997 2.603104 -2.953751
v 1.104627 2.641233 -2.854005
v 1.110703 2.817801 -2.678146
v 1.149380 2.817802 -2.158975
v 1.157668 2.817801 -1.697787
v -1.157669 2.817801 -1.697786
v -1.149382 2.817802 -2.158974
v -1.104629 2.641233 -2.854004
v -1.035999 2.603104 -2.953750
v -1.157669 2.817801 -1.697786
v 1.157668 2.817801 -1.697787
v 1.190133 2.227555 -1.697786
v -1.190135 2.227555 -1.697785
v -1.132244 0.582340 2.438529
v -1.132244 0.582340 2.430043
v -0.679471 0.582340 2.430043
v -0.679471 0.582340 2.438528
v -1.098192 0.589233 2.441204
v -0.675460 0.589233 2.441204
v -0.675460 0.678169 2.441204
v -1.098192 0.678169 2.441204
v -0.666961 0.594850 2.438528
v -0.666961 0.594850 2.430043
v -0.666961 0.673362 2.430043
v -0.666961 0.673362 2.438528
v -0.679471 0.685873 2.438528
v -0.679471 0.685873 2.430043
v -1.132244 0.685873 2.430044
v -1.132244 0.685873 2.438528
v -1.144753 0.594850 2.438529
v -1.143078 0.588594 2.438529
v -1.138499 0.584016 2.438529
v -1.132244 0.582340 2.438529
v -0.679471 0.582340 2.438528
v -0.673216 0.584016 2.438528
v -0.668637 0.588594 2.438528
v -0.666961 0.594850 2.438528
v -0.666961 0.673362 2.438528
v -0.668637 0.679617 2.438528
v -0.673216 0.684196 2.438528
v -0.679471 0.685873 2.438528
v -1.132244 0.685873 2.438528
v -1.138499 0.684196 2.438528
v -1.143078 0.679617 2.438528
v -1.144753 0.673362 2.438528
v -0.679471 0.582340 2.438528
v -0.679471 0.582340 2.430043
v -0.673216 0.584016 2.430043
v -0.673216 0.584016 2.438528
v -0.673216 0.584016 2.438528
v -0.673216 0.584016 2.430043
v -0.668637 0.588594 2.430043
v -0.668637 0.588594 2.438528
v -0.668637 0.588594 2.438528
v -0.668637 0.588594 2.430043
v -0.666961 0.594850 2.430043
v -0.666961 0.594850 2.438528
v -1.132244 0.582340 2.430043
v -1.132244 0.582340 2.438529
v -1.138499 0.584016 2.438529
v -1.138499 0.584016 2.430043
v -1.138499 0.584016 2.430043
v -1.138499 0.584016 2.438529
v -1.143078 0.588594 2.438529
v -1.143078 0.588594 2.430043
v -1.143078 0.588594 2.430043
v -1.143078 0.588594 2.438529
v -1.144753 0.594850 2.438529
v -1.144753 0.594850 2.430043
v -0.666961 0.673362 2.438528
v -0.666961 0.673362 2.430043
v -0.668637 0.679617 2.430043
v -0.668637 0.679617 2.438528
v -0.668637 0.679617 2.438528
v -0.668637 0.679617 2.430043
v -0.673216 0.684196 2.430043
v -0.673216 0.684196 2.438528
v -0.673216 0.684196 2.438528
v -0.673216 0.684196 2.430043
v -0.679471 0.685873 2.430043
v -0.679471 0.685873 2.438528
v -1.144753 0.673362 2.430044
v -1.144753 0.673362 2.438528
v -1.143078 0.679617 2.438528
v -1.143078 0.679617 2.430044
v -1.143078 0.679617 2.430044
v -1.143078 0.679617 2.438528
v -1.138499 0.684196 2.438528
v -1.138499 0.684196 2.430044
v -1.138499 0.684196 2.430044
v -1.138499 0.684196 2.438528
v -1.132244 0.685873 2.438528
v -1.132244 0.685873 2.430044
v -1.144753 0.673362 2.438528
v -1.144753 0.673362 2.430044
v -1.144753 0.594850 2.430043
v -1.144753 0.594850 2.438529
v 0.186801 0.668483 -3.284953
v -0.235931 0.668483 -3.284953
v -0.235931 0.757417 -3.284953
v 0.186801 0.757417 -3.284953
vn -1.0000 0.0037 0.0016
vn -0.9999 0.0141 -0.0014
vn -1.0000 0.0029 0.0005
vn -1.0000 0.0052 0.0034
vn -1.0000 0.0072 -0.0020
vn -0.9996 -0.0058 -0.0264
vn -0.9994 -0.0025 -0.0350
vn -0.0001 -0.4167 -0.9090
vn -0.0001 -0.1975 -0.9803
vn -0.0001 -0.4169 -0.9089
vn -0.0000 -0.1982 -0.9802
vn 0.0030 -0.7444 -0.6678
vn -0.0000 -0.9558 -0.2939
vn -0.0001 -0.6307 -0.7760
vn -0.0001 -0.8183 -0.5749
vn -0.0000 -0.8186 -0.5744
vn -0.0000 -0.6304 -0.7762
vn 0.0008 -0.9798 -0.2002
vn -0.0000 -0.9803 -0.1975
vn 0.0003 -0.8644 0.5029
vn 0.0012 -0.9812 0.1931
vn -0.0001 -0.8639 0.5037
vn 0.0006 -0.9805 0.1966
vn 0.0003 -0.4845 0.8748
vn 0.0002 -0.2525 0.9676
vn -0.0000 -0.2589 0.9659
vn 0.0006 -0.4834 0.8754
vn -0.0000 -0.9506 0.3105
vn -0.0000 -0.7153 0.6988
vn 0.0008 -0.0878 0.9961
vn -0.0006 -0.0895 0.9960
vn 0.0003 -0.0907 0.9959
vn -0.0000 -0.0866 0.9962
vn -0.0003 -0.6978 0.7163
vn -0.0000 -0.8834 0.4687
vn -0.0000 -0.5575 0.8302
vn -0.0000 -0.7008 0.7134
vn 0.0002 -0.6516 0.7586
vn 0.0002 -0.6496 0.7603
vn -1.0000 -0.0000 -0.0000
vn -1.0000 0.0077 0.0015
vn -0.9984 0.0564 -0.0000
vn -0.9993 0.0369 0.0099
vn -0.9962 0.0821 -0.0297
vn -0.9996 0.0279 -0.0097
vn -0.9936 0.1117 -0.0177
vn -0.9664 0.2420 -0.0866
vn -0.9500 0.3058 -0.0631
vn -0.9822 0.1703 -0.0796
vn -0.9982 0.0547 -0.0240
vn -0.9141 0.3976 -0.0795
vn -0.9109 0.3975 -0.1106
vn -0.9637 0.2478 -0.1000
vn -0.5477 0.8115 -0.2035
vn -0.2957 0.9351 -0.1956
vn -0.5537 0.8197 -0.1470
vn -0.2922 0.9201 -0.2607
vn -0.3785 0.9108 -0.1645
vn -0.5527 0.8205 -0.1460
vn -0.0000 0.9764 -0.2160
vn -0.0000 0.9641 -0.2657
vn -0.0000 0.9787 -0.2053
vn -0.0475 0.9807 -0.1898
vn -0.9998 -0.0210 -0.0002
vn -1.0000 -0.0044 0.0054
vn -0.9996 -0.0292 0.0021
vn -0.9999 -0.0007 0.0113
vn 0.8506 -0.0624 0.5222
vn 0.5362 -0.0138 0.8440
vn 0.9114 -0.0272 0.4105
vn 0.4430 -0.1462 0.8845
vn 0.7976 -0.0726 0.5988
vn 0.7014 -0.2730 0.6584
vn 0.4578 -0.4236 0.7817
vn -1.0000 0.0090 -0.0000
vn -1.0000 0.0056 -0.0000
vn 0.1427 -0.2572 0.9558
vn -0.0000 -0.0234 0.9997
vn -0.0000 0.0155 0.9999
vn -0.5870 0.5221 0.6188
vn -0.0000 0.0018 1.0000
vn -0.0000 0.6449 0.7643
vn 0.0002 -0.7550 -0.6557
vn -0.0002 -0.6135 -0.7897
vn -0.0000 -0.9568 -0.2907
vn -0.0005 -0.7546 -0.6562
vn -0.9999 0.0144 -0.0000
vn -0.0000 1.0000 -0.0000
vn -0.0000 -1.0000 0.0041
vn -0.0000 -1.0000 -0.0000
vn -0.0000 -0.0917 0.9958
vn -0.0000 -0.0930 0.9957
vn -0.2402 0.9672 0.0829
vn -1.0000 0.0003 0.0002
vn -1.0000 0.0011 0.0005
vn -0.0000 0.9964 0.0853
vn -0.9998 -0.0181 -0.0046
vn -0.7289 0.6820 -0.0603
vn -0.9977 -0.0681 -0.0000
vn -0.9957 -0.0438 -0.0821
vn -0.9991 -0.0420 -0.0011
vn -0.9920 -0.0751 -0.1011
vn -0.9847 -0.0445 -0.1683
vn -0.9736 -0.0855 -0.2115
vn -0.8190 0.5574 -0.1362
vn -0.7500 -0.1097 -0.6523
vn -0.5220 -0.0535 -0.8513
vn -0.7531 -0.0625 -0.6549
vn -0.5233 -0.1245 -0.8430
vn -0.5469 0.6889 -0.4757
vn -0.3994 0.6404 -0.6560
vn -0.1404 -0.0831 -0.9866
vn -0.1276 -0.1603 -0.9788
vn -0.1788 0.0283 -0.9835
vn -0.0000 -0.0763 -0.9971
vn -0.0000 -0.1519 -0.9884
vn -0.0000 -0.0002 -1.0000
vn -0.9998 0.0187 0.0059
vn -0.9991 0.0422 0.0083
vn -0.9999 0.0104 0.0057
vn -0.9965 -0.0663 -0.0506
vn -0.7367 -0.6754 -0.0329
vn -0.7065 0.7037 -0.0752
vn -0.5913 0.8047 -0.0539
vn -0.5956 -0.8014 -0.0547
vn -0.3987 0.7683 -0.5008
vn -0.5614 -0.7118 -0.4221
vn -0.5658 0.7063 -0.4254
vn -0.4281 -0.7839 -0.4498
vn -0.1709 -0.0355 -0.9846
vn -0.0000 -0.0000 -1.0000
vn -0.5643 -0.7926 0.2311
vn -0.9985 0.0538 -0.0081
vn -0.9867 0.1392 0.0839
vn -0.9928 0.0754 -0.0936
vn -0.7579 -0.6217 0.1974
vn -0.8216 0.5334 -0.2013
vn -0.8153 0.5598 0.1477
vn -0.7944 -0.5880 -0.1522
vn -0.5676 -0.6855 -0.4561
vn -0.2809 0.3471 -0.8948
vn -0.2376 0.5372 -0.8093
vn -0.4107 -0.6182 -0.6702
vn -0.9908 0.1317 -0.0304
vn -0.9867 0.1435 -0.0767
vn -0.9691 0.1847 -0.1635
vn -0.9721 0.1649 -0.1666
vn -0.9640 0.1913 -0.1846
vn -0.8047 -0.4571 -0.3788
vn -0.3603 0.7591 -0.5422
vn -0.3422 0.8946 -0.2873
vn -0.5135 -0.5075 -0.6920
vn -0.0878 0.7964 -0.5984
vn -0.1449 -0.5648 -0.8124
vn -0.0000 -0.5732 -0.8194
vn -0.0000 0.8081 -0.5890
vn -0.9995 0.0246 -0.0184
vn -0.9307 0.3537 -0.0929
vn -0.9371 0.3069 -0.1664
vn -0.8859 0.3616 -0.2905
vn -0.2176 0.9082 -0.3574
vn -0.6722 0.5413 -0.5051
vn -0.5662 0.6745 -0.4738
vn -0.4544 0.6017 -0.6568
vn -0.0626 0.8939 -0.4440
vn -0.1098 0.6384 -0.7618
vn -0.0000 0.8848 -0.4660
vn -0.0000 0.6390 -0.7692
vn -0.8772 0.4302 -0.2133
vn -0.6169 0.6760 -0.4032
vn -0.4009 0.7468 -0.5307
vn -0.1004 0.7755 -0.6233
vn -0.0000 0.7820 -0.6233
vn -0.8740 0.4593 -0.1588
vn -0.6459 0.7142 -0.2696
vn -0.4185 0.8279 -0.3734
vn -0.0693 0.9053 -0.4190
vn -0.0000 0.9103 -0.4140
vn -0.9834 0.0790 -0.1635
vn -0.7281 0.6642 -0.1697
vn -0.4797 0.3489 -0.8051
vn -0.5038 0.1688 -0.8472
vn -0.7451 0.1615 -0.6472
vn -0.1139 0.2470 -0.9623
vn -0.1299 0.1777 -0.9755
vn -0.0000 0.1787 -0.9839
vn -0.1286 0.3538 -0.9264
vn -0.0000 0.3524 -0.9358
vn -0.5355 0.3386 -0.7737
vn -0.7268 0.3035 -0.6161
vn -0.0000 -0.9993 0.0382
vn -0.0284 -0.9986 0.0438
vn -0.3685 -0.9296 0.0004
vn -0.4986 -0.8668 -0.0117
vn -0.9859 0.1384 -0.0939
vn 0.0102 -0.9999 0.0053
vn 0.0249 -0.9997 0.0011
vn -0.0000 -1.0000 0.0082
vn -0.0000 0.8244 0.5660
vn 0.6610 0.6965 0.2791
vn 0.3577 0.7699 0.5285
vn 0.0001 0.9282 0.3721
vn -0.0002 -0.9381 -0.3462
vn -0.0000 -0.9380 -0.3465
vn -0.9999 0.0098 0.0107
vn -0.9999 0.0044 0.0122
vn 0.6626 0.7013 -0.2630
vn 0.0001 1.0000 0.0059
vn -0.0002 0.9356 -0.3530
vn 0.6741 0.7386 0.0045
vn -0.0002 -0.9999 -0.0106
vn -0.0002 -0.9259 0.3779
vn -0.0005 -0.9240 0.3825
vn -0.0001 -0.9999 -0.0103
vn 0.3414 0.7917 -0.5066
vn -0.0000 0.8428 -0.5383
vn 0.0003 -0.1718 -0.9851
vn 0.0004 -0.7648 -0.6443
vn 0.0009 -0.1709 -0.9853
vn -0.0000 -0.7681 -0.6404
vn -0.0000 -0.7060 0.7082
vn 0.5757 -0.5749 0.5814
vn 0.5837 0.5720 0.5763
vn -0.5785 -0.5764 0.5772
vn -0.5762 0.5783 0.5775
vn 0.5709 -0.5826 0.5784
vn -0.0048 0.3079 0.9514
vn -0.0110 0.5935 0.8047
vn -0.0109 0.5805 0.8142
vn -0.0103 0.5942 0.8043
vn 0.0025 0.5973 0.8020
vn 0.0083 0.5918 0.8060
vn 0.0057 0.5726 0.8198
vn 0.4713 0.2714 0.8392
vn 0.9998 -0.0203 -0.0000
vn -1.0000 0.0037 -0.0000
vn 1.0000 -0.0000 -0.0000
vn 1.0000 -0.0001 0.0010
vn 1.0000 -0.0054 0.0038
vn 1.0000 -0.0028 0.0020
vn 1.0000 -0.0033 -0.0000
vn -0.0008 -1.0000 -0.0038
vn -0.0000 -1.0000 -0.0061
vn -0.0004 -1.0000 -0.0037
vn -0.0000 -1.0000 -0.0048
vn -0.0002 -1.0000 -0.0044
vn -0.0003 -1.0000 -0.0078
vn -0.0007 -1.0000 -0.0078
vn -0.0009 -1.0000 -0.0079
vn -0.0000 -1.0000 -0.0079
vn -0.6981 -0.0102 -0.7159
vn -0.0047 -0.0151 -0.9999
vn -0.0000 -0.0142 -0.9999
vn -0.7082 -0.0107 -0.7060
vn 0.7050 0.0106 0.7091
vn 0.9998 0.0003 0.0199
vn 0.6970 0.0108 0.7170
vn -0.7165 0.0105 0.6975
vn -0.7075 0.0107 0.7066
vn -0.9999 -0.0002 -0.0119
vn -0.5828 0.5827 0.5664
vn -0.5720 0.5718 -0.5881
vn 0.0004 0.4637 0.8860
vn -0.0004 0.4591 0.8884
vn -0.0008 -0.6993 0.7148
vn -0.0001 0.4328 -0.9015
vn -0.0036 0.4341 -0.9008
vn 0.0003 -0.0224 -0.9997
vn -0.0001 -1.0000 -0.0079
vn -0.0000 -0.7014 0.7128
vn -0.0000 0.6969 -0.7171
vn -0.0000 -0.0290 -0.9996
vn -0.0000 0.7153 0.6988
vn -0.0000 0.0161 0.9999
vn -0.0000 0.0151 0.9999
vn 0.6097 0.0029 0.7926
vn 0.9633 -0.0043 0.2684
vn -1.0000 0.0018 0.0087
vn -0.9999 0.0140 0.0031
vn 1.0000 0.0037 0.0016
vn 0.9999 0.0141 -0.0014
vn 1.0000 0.0051 0.0034
vn 1.0000 0.0029 0.0005
vn 1.0000 0.0072 -0.0020
vn 0.9994 -0.0025 -0.0350
vn 0.9996 -0.0058 -0.0265
vn 0.0001 -0.4167 -0.9090
vn 0.0001 -0.1975 -0.9803
vn 0.0001 -0.4169 -0.9089
vn -0.0030 -0.7444 -0.6678
vn 0.0001 -0.6307 -0.7760
vn 0.0001 -0.8183 -0.5749
vn -0.0000 -0.6305 -0.7762
vn -0.0008 -0.9798 -0.2002
vn -0.0003 -0.8644 0.5029
vn -0.0012 -0.9812 0.1931
vn -0.0006 -0.9805 0.1966
vn 0.0001 -0.8639 0.5037
vn -0.0003 -0.4845 0.8748
vn -0.0002 -0.2525 0.9676
vn -0.0006 -0.4834 0.8754
vn -0.0008 -0.0878 0.9961
vn 0.0006 -0.0895 0.9960
vn -0.0003 -0.0907 0.9959
vn 0.0003 -0.6978 0.7163
vn -0.0002 -0.6516 0.7586
vn -0.0002 -0.6496 0.7603
vn 0.9984 0.0564 -0.0000
vn 1.0000 0.0077 0.0015
vn 0.9993 0.0369 0.0099
vn 0.9962 0.0821 -0.0297
vn 0.9936 0.1117 -0.0177
vn 0.9996 0.0279 -0.0097
vn 0.9664 0.2420 -0.0866
vn 0.9500 0.3058 -0.0631
vn 0.9822 0.1703 -0.0796
vn 0.9982 0.0547 -0.0240
vn 0.9141 0.3976 -0.0795
vn 0.9109 0.3975 -0.1106
vn 0.9637 0.2478 -0.1000
vn 0.5477 0.8115 -0.2035
vn 0.2957 0.9351 -0.1956
vn 0.2922 0.9201 -0.2607
vn 0.5537 0.8197 -0.1470
vn 0.3785 0.9108 -0.1645
vn 0.5527 0.8205 -0.1460
vn 0.0475 0.9807 -0.1898
vn 0.9998 -0.0210 -0.0002
vn 1.0000 -0.0044 0.0054
vn 0.9996 -0.0292 0.0021
vn 0.9999 -0.0007 0.0113
vn -0.8506 -0.0624 0.5222
vn -0.5362 -0.0138 0.8440
vn -0.4430 -0.1462 0.8845
vn -0.9114 -0.0272 0.4105
vn -0.7976 -0.0726 0.5988
vn -0.7014 -0.2730 0.6584
vn -0.4578 -0.4236 0.7817
vn 1.0000 0.0090 -0.0000
vn 1.0000 0.0056 -0.0000
vn -0.1427 -0.2572 0.9558
vn 0.5870 0.5221 0.6188
vn -0.0002 -0.7550 -0.6557
vn 0.0002 -0.6135 -0.7897
vn 0.0005 -0.7546 -0.6562
vn 0.9999 0.0144 -0.0000
vn 0.2402 0.9672 0.0829
vn 1.0000 0.0003 0.0002
vn 1.0000 0.0011 0.0005
vn 0.9998 -0.0181 -0.0046
vn 0.7289 0.6820 -0.0603
vn 0.9977 -0.0681 -0.0000
vn 0.9957 -0.0438 -0.0821
vn 0.9920 -0.0751 -0.1011
vn 0.9991 -0.0420 -0.0011
vn 0.9847 -0.0445 -0.1683
vn 0.9736 -0.0855 -0.2115
vn 0.8190 0.5574 -0.1362
vn 0.7500 -0.1097 -0.6523
vn 0.5220 -0.0535 -0.8513
vn 0.5233 -0.1245 -0.8430
vn 0.7531 -0.0625 -0.6549
vn 0.5469 0.6889 -0.4757
vn 0.3994 0.6404 -0.6560
vn 0.1404 -0.0831 -0.9866
vn 0.1276 -0.1603 -0.9788
vn 0.1788 0.0283 -0.9835
vn 0.9998 0.0187 0.0059
vn 0.9991 0.0422 0.0083
vn 0.9999 0.0104 0.0057
vn 0.9965 -0.0663 -0.0506
vn 0.7367 -0.6754 -0.0329
vn 0.7065 0.7037 -0.0752
vn 0.5913 0.8047 -0.0539
vn 0.5956 -0.8014 -0.0547
vn 0.3987 0.7683 -0.5008
vn 0.5614 -0.7118 -0.4221
vn 0.4281 -0.7839 -0.4498
vn 0.5658 0.7063 -0.4254
vn 0.1709 -0.0355 -0.9846
vn 0.5643 -0.7926 0.2311
vn 0.9985 0.0538 -0.0081
vn 0.9928 0.0754 -0.0936
vn 0.9867 0.1392 0.0839
vn 0.7579 -0.6217 0.1974
vn 0.8215 0.5334 -0.2013
vn 0.7944 -0.5880 -0.1522
vn 0.8153 0.5598 0.1477
vn 0.5676 -0.6855 -0.4561
vn 0.2809 0.3471 -0.8948
vn 0.4107 -0.6182 -0.6702
vn 0.2376 0.5372 -0.8093
vn 0.9908 0.1316 -0.0304
vn 0.9867 0.1435 -0.0767
vn 0.9691 0.1847 -0.1635
vn 0.9640 0.1913 -0.1846
vn 0.9721 0.1649 -0.1666
vn 0.8047 -0.4571 -0.3788
vn 0.3603 0.7591 -0.5422
vn 0.5135 -0.5075 -0.6920
vn 0.3422 0.8946 -0.2873
vn 0.0878 0.7964 -0.5984
vn 0.1449 -0.5648 -0.8124
vn 0.9995 0.0246 -0.0184
vn 0.9307 0.3537 -0.0929
vn 0.9371 0.3069 -0.1664
vn 0.8859 0.3616 -0.2905
vn 0.2176 0.9082 -0.3574
vn 0.6722 0.5413 -0.5051
vn 0.4544 0.6017 -0.6568
vn 0.5662 0.6745 -0.4738
vn 0.0626 0.8939 -0.4440
vn 0.1098 0.6384 -0.7618
vn 0.8772 0.4302 -0.2133
vn 0.6169 0.6760 -0.4032
vn 0.4009 0.7468 -0.5307
vn 0.1004 0.7755 -0.6233
vn 0.8740 0.4593 -0.1588
vn 0.6459 0.7142 -0.2696
vn 0.4185 0.8279 -0.3734
vn 0.0693 0.9053 -0.4190
vn 0.9834 0.0790 -0.1635
vn 0.7281 0.6642 -0.1697
vn 0.4797 0.3489 -0.8051
vn 0.5038 0.1688 -0.8472
vn 0.1139 0.2470 -0.9623
vn 0.7451 0.1615 -0.6472
vn 0.1299 0.1777 -0.9755
vn 0.1286 0.3538 -0.9264
vn 0.5355 0.3386 -0.7737
vn 0.7268 0.3035 -0.6161
vn 0.0284 -0.9986 0.0438
vn 0.3685 -0.9296 0.0004
vn 0.4986 -0.8668 -0.0117
vn 0.9859 0.1384 -0.0939
vn -0.0102 -0.9999 0.0053
vn -0.0249 -0.9997 0.0011
vn -0.6610 0.6965 0.2791
vn -0.0001 0.9282 0.3721
vn -0.3577 0.7699 0.5285
vn 0.0002 -0.9381 -0.3462
vn 0.9999 0.0098 0.0107
vn 0.9999 0.0044 0.0122
vn -0.6626 0.7013 -0.2630
vn -0.0001 1.0000 0.0059
vn -0.6741 0.7386 0.0045
vn 0.0002 0.9356 -0.3530
vn 0.0002 -0.9999 -0.0106
vn 0.0002 -0.9259 0.3779
vn 0.0001 -0.9999 -0.0103
vn 0.0005 -0.9240 0.3825
vn -0.3414 0.7917 -0.5066
vn -0.0003 -0.1718 -0.9851
vn -0.0004 -0.7648 -0.6443
vn -0.0009 -0.1709 -0.9853
vn -0.5757 -0.5749 0.5814
vn -0.5837 0.5720 0.5763
vn 0.5785 -0.5764 0.5771
vn -0.5709 -0.5826 0.5784
vn 0.5762 0.5783 0.5775
vn 0.0048 0.3079 0.9514
vn 0.0110 0.5935 0.8047
vn 0.0103 0.5942 0.8043
vn 0.0108 0.5805 0.8142
vn -0.0025 0.5973 0.8020
vn -0.0083 0.5918 0.8060
vn -0.0057 0.5726 0.8198
vn -0.4713 0.2714 0.8392
vn -0.9998 -0.0203 -0.0000
vn 1.0000 0.0037 -0.0000
vn -1.0000 -0.0001 0.0010
vn -1.0000 -0.0054 0.0038
vn -1.0000 -0.0028 0.0020
vn -1.0000 -0.0033 -0.0000
vn 0.0008 -1.0000 -0.0038
vn 0.0004 -1.0000 -0.0037
vn 0.0002 -1.0000 -0.0044
vn 0.0003 -1.0000 -0.0078
vn 0.0007 -1.0000 -0.0078
vn 0.0009 -1.0000 -0.0079
vn 0.6981 -0.0102 -0.7159
vn 0.0047 -0.0151 -0.9999
vn 0.7082 -0.0107 -0.7060
vn -0.7050 0.0106 0.7091
vn -0.9998 0.0003 0.0199
vn -0.6970 0.0108 0.7170
vn 0.7165 0.0105 0.6975
vn 0.7075 0.0107 0.7066
vn 0.9999 -0.0002 -0.0119
vn 0.5828 0.5827 0.5664
vn 0.5720 0.5718 -0.5881
vn 0.9999 -0.0003 -0.0119
vn -0.0004 0.4637 0.8860
vn 0.0008 -0.6993 0.7148
vn 0.0004 0.4591 0.8884
vn 0.0001 0.4328 -0.9015
vn -0.0003 -0.0224 -0.9997
vn 0.0035 0.4341 -0.9009
vn 0.0001 -1.0000 -0.0079
vn -0.6097 0.0029 0.7926
vn -0.9633 -0.0043 0.2685
vn 1.0000 0.0018 0.0087
vn 0.9999 0.0140 0.0031
vn -0.2157 0.5753 -0.7890
vn -0.0148 0.5554 0.8315
vn -0.7333 0.6672 0.1307
vn -0.1821 0.7819 -0.5963
vn -0.3866 -0.1262 -0.9136
vn -0.5050 -0.6892 0.5196
vn -0.6596 -0.5442 -0.5183
vn -0.8945 -0.4408 0.0742
vn -0.0062 -0.5686 0.8226
vn -0.4682 0.3623 0.8059
vn -0.6389 -0.1772 0.7486
vn 0.4198 0.2773 0.8642
vn 0.4799 -0.7689 -0.4226
vn -0.2810 -0.3553 -0.8915
vn 0.8851 0.4547 -0.0991
vn 0.0531 0.4236 -0.9043
vn 0.6651 0.7367 0.1221
vn 0.6922 0.1803 0.6988
vn 0.6424 -0.4084 0.6485
vn 0.5521 -0.1608 0.8181
vn -0.9727 -0.2193 0.0757
vn -0.5680 -0.7900 -0.2308
vn -0.8423 -0.3197 -0.4338
vn -0.8766 0.4649 0.1244
vn -0.7302 0.5865 -0.3504
vn -0.3418 -0.2336 -0.9103
vn -0.4894 -0.8272 -0.2762
vn 0.2792 0.6951 -0.6625
vn 0.8739 -0.4844 0.0410
vn 0.8186 0.4794 0.3163
vn 0.3590 0.3754 -0.8545
vn -0.0425 0.5459 -0.8368
vn 0.8184 0.5704 0.0693
vn 0.4235 0.3689 -0.8274
vn 0.1053 0.8896 -0.4445
vn -0.3647 0.9257 -0.1003
vn 0.2782 -0.8284 0.4861
vn -0.5458 -0.1249 -0.8286
vn -0.0443 -0.9988 0.0184
vn -0.0371 -0.9993 0.0007
vn 0.2588 -0.0000 0.9659
vn 0.6645 0.4030 -0.6293
vn 0.0865 0.8749 -0.4766
vn 0.2171 0.4402 -0.8713
vn 0.1243 -0.5086 -0.8520
vn 0.7824 -0.0208 -0.6224
vn -0.0543 -0.0052 -0.9985
vn 0.6715 -0.4183 -0.6117
vn -0.6479 0.4247 -0.6324
vn -0.4322 0.8276 -0.3582
vn -0.9044 0.3634 -0.2236
vn -0.7202 -0.3117 -0.6198
vn -0.9287 -0.2936 -0.2265
vn -0.6051 -0.7362 -0.3033
vn -0.0491 -0.8873 -0.4585
vn -0.0570 -0.0052 -0.9984
vn 0.7746 -0.0208 -0.6321
vn 0.2465 -0.0120 -0.9691
vn 0.7648 -0.6287 -0.1406
vn 0.7855 0.5999 -0.1520
vn 0.2443 -0.0111 -0.9696
vn -0.0128 -0.9999 0.0074
vn 0.7977 -0.5453 0.2574
vn 0.8200 0.5145 0.2506
vn 0.0128 0.9999 -0.0073
vn -0.8958 0.3710 -0.2448
vn -0.5047 0.8610 -0.0636
vn -0.8692 0.4812 -0.1134
vn -0.5047 0.8610 0.0636
vn -0.3925 -0.9198 -0.0000
vn -0.7413 -0.6688 -0.0563
vn -0.8692 -0.4812 0.1134
vn -0.7413 -0.6688 0.0563
vn -0.8692 -0.4812 -0.1134
vn -0.0000 0.0456 -0.9990
vn -0.4508 0.6332 -0.6292
vn -0.7767 -0.0000 -0.6298
vn -0.0000 0.0443 0.9990
vn -0.4734 -0.0000 0.8808
vn -0.2778 0.3836 0.8807
vn -0.0000 0.5938 0.8046
vn -0.5994 -0.4930 -0.6306
vn -0.3000 -0.7077 -0.6397
vn -0.0000 -0.4627 0.8865
vn -0.1808 -0.4273 0.8859
vn -0.3637 -0.3016 0.8813
vn -0.0000 0.8611 -0.5085
vn -0.8692 0.4812 0.1134
vn -0.8958 -0.3710 -0.2448
vn -0.8958 0.3710 0.2448
vn -0.8958 -0.3710 0.2448
vn -0.2023 0.5232 -0.8279
vn -0.1199 0.8649 -0.4874
vn -0.1176 0.5071 -0.8538
vn -0.2179 0.8781 -0.4260
vn -0.2263 -0.8742 -0.4295
vn -0.1047 -0.5171 -0.8495
vn -0.1135 -0.8627 -0.4929
vn -0.2183 -0.5384 -0.8139
vn -0.1135 0.8627 0.4929
vn -0.2263 0.8742 0.4295
vn -0.2179 -0.8781 0.4260
vn -0.1199 -0.8649 0.4874
vn -0.1294 0.0062 0.9916
vn -0.2482 0.0090 0.9687
vn -0.3471 0.8151 -0.4639
vn -0.5501 0.4264 -0.7180
vn -0.5501 -0.4264 -0.7180
vn -0.3471 -0.8151 -0.4639
vn -0.0000 0.8691 0.4946
vn -0.0000 -0.8691 0.4946
vn -0.0000 -0.0000 1.0000
vn -0.0000 0.6627 -0.7489
vn -0.0000 0.9395 0.3424
vn -0.3628 0.6490 -0.6687
vn -0.7452 0.6658 0.0383
vn 0.4469 0.6497 0.6150
vn -0.6601 0.6803 0.3186
vn -0.6675 0.6485 -0.3658
vn 0.8308 0.0027 0.5565
vn 0.6859 -0.0000 0.7277
vn -0.9997 -0.0000 0.0246
vn -0.9636 -0.0000 0.2675
vn -0.8769 -0.0000 -0.4806
vn -0.4769 -0.0000 -0.8790
vn 0.0034 -0.9996 -0.0276
vn 0.0531 -0.9843 -0.1680
vn 0.0159 -0.9989 -0.0438
vn 0.0262 -0.9893 -0.1435
vn -0.0038 -0.9996 -0.0272
vn -0.6410 -0.4138 0.6465
vn -0.2720 -0.2587 0.9269
vn -0.2292 -0.3149 0.9210
vn -0.7918 -0.4463 0.4170
vn -0.6539 -0.5684 -0.4993
vn -0.6489 -0.5550 -0.5204
vn -0.0000 -0.5210 -0.8535
vn -0.0000 -0.5306 -0.8476
vn -0.5295 0.3981 0.7491
vn -0.5532 -0.0000 0.8331
vn 0.1947 0.3269 0.9248
vn 0.0927 -0.9225 -0.3746
vn 0.0081 -0.9569 -0.2903
vn -0.0000 0.9267 0.3758
vn -0.2514 0.9509 0.1804
vn -0.0000 0.9122 0.4098
vn -0.1967 0.9593 0.2027
vn -0.0000 0.9554 -0.2955
vn -0.2659 0.9548 -0.1328
vn -0.1622 0.9698 -0.1821
vn -0.0000 0.9451 -0.3267
vn -0.0000 -0.7676 -0.6410
vn 0.2337 -0.0000 0.9723
vn 0.2157 0.5753 -0.7890
vn 0.0148 0.5554 0.8315
vn 0.1821 0.7819 -0.5963
vn 0.7333 0.6672 0.1307
vn 0.3866 -0.1262 -0.9136
vn 0.5050 -0.6892 0.5196
vn 0.8945 -0.4408 0.0742
vn 0.6596 -0.5442 -0.5183
vn 0.0062 -0.5686 0.8226
vn 0.4682 0.3623 0.8059
vn 0.6389 -0.1772 0.7486
vn -0.4198 0.2773 0.8642
vn -0.4799 -0.7689 -0.4226
vn 0.2810 -0.3554 -0.8915
vn -0.8851 0.4547 -0.0991
vn -0.0531 0.4236 -0.9043
vn -0.6651 0.7367 0.1221
vn -0.6922 0.1803 0.6988
vn -0.6424 -0.4085 0.6485
vn -0.5521 -0.1608 0.8181
vn 0.9727 -0.2193 0.0757
vn 0.8423 -0.3197 -0.4338
vn 0.5681 -0.7900 -0.2308
vn 0.8766 0.4649 0.1244
vn 0.7302 0.5865 -0.3504
vn 0.3418 -0.2336 -0.9103
vn 0.4894 -0.8272 -0.2762
vn -0.2792 0.6951 -0.6625
vn -0.8739 -0.4844 0.0410
vn -0.3590 0.3754 -0.8545
vn -0.8186 0.4793 0.3163
vn 0.0425 0.5459 -0.8368
vn -0.8184 0.5704 0.0693
vn -0.4235 0.3689 -0.8274
vn -0.1053 0.8896 -0.4445
vn 0.3647 0.9257 -0.1003
vn -0.2782 -0.8284 0.4861
vn 0.5458 -0.1248 -0.8286
vn 0.0443 -0.9988 0.0184
vn 0.0371 -0.9993 0.0007
vn -0.2588 -0.0000 0.9659
vn -0.6645 0.4030 -0.6293
vn -0.2171 0.4402 -0.8713
vn -0.0865 0.8749 -0.4766
vn -0.1243 -0.5086 -0.8520
vn -0.7824 -0.0208 -0.6224
vn -0.6715 -0.4183 -0.6117
vn 0.0543 -0.0052 -0.9985
vn 0.6479 0.4247 -0.6324
vn 0.4321 0.8276 -0.3582
vn 0.9044 0.3634 -0.2236
vn 0.7202 -0.3117 -0.6198
vn 0.9287 -0.2936 -0.2265
vn 0.6051 -0.7362 -0.3033
vn 0.0491 -0.8873 -0.4585
vn 0.0570 -0.0052 -0.9984
vn -0.7746 -0.0208 -0.6321
vn -0.2465 -0.0120 -0.9691
vn -0.7648 -0.6287 -0.1406
vn -0.2443 -0.0111 -0.9696
vn -0.7855 0.5999 -0.1520
vn 0.0128 -0.9999 0.0073
vn 0.0128 -0.9999 0.0074
vn -0.7977 -0.5453 0.2574
vn -0.8200 0.5145 0.2506
vn -0.0128 0.9999 -0.0073
vn 0.8958 0.3710 -0.2448
vn 0.8692 0.4812 -0.1134
vn 0.5047 0.8610 -0.0636
vn 0.5047 0.8610 0.0636
vn 0.3925 -0.9198 -0.0000
vn 0.7413 -0.6688 -0.0563
vn 0.8692 -0.4812 0.1134
vn 0.8692 -0.4812 -0.1134
vn 0.7413 -0.6688 0.0563
vn 0.7767 -0.0000 -0.6298
vn 0.4508 0.6332 -0.6292
vn 0.2778 0.3836 0.8807
vn 0.4734 -0.0000 0.8808
vn 0.3000 -0.7077 -0.6397
vn 0.5994 -0.4930 -0.6306
vn 0.1808 -0.4273 0.8859
vn 0.3637 -0.3016 0.8813
vn 0.8692 0.4812 0.1134
vn 0.8958 -0.3710 -0.2448
vn 0.8958 0.3710 0.2448
vn 0.8958 -0.3710 0.2448
vn 0.2023 0.5232 -0.8279
vn 0.1199 0.8649 -0.4874
vn 0.2179 0.8781 -0.4260
vn 0.1176 0.5071 -0.8538
vn 0.2263 -0.8742 -0.4295
vn 0.1047 -0.5171 -0.8495
vn 0.2183 -0.5384 -0.8139
vn 0.1135 -0.8627 -0.4929
vn 0.1135 0.8627 0.4929
vn 0.2263 0.8742 0.4295
vn 0.2179 -0.8781 0.4260
vn 0.1199 -0.8649 0.4874
vn 0.1294 0.0062 0.9916
vn 0.2482 0.0090 0.9687
vn 0.3471 0.8151 -0.4639
vn 0.5501 0.4264 -0.7180
vn 0.5501 -0.4264 -0.7180
vn 0.3471 -0.8151 -0.4639
vn 0.3628 0.6490 -0.6687
vn 0.7452 0.6658 0.0383
vn -0.4469 0.6497 0.6150
vn 0.6601 0.6803 0.3186
vn 0.6675 0.6485 -0.3658
vn -0.8308 0.0027 0.5565
vn -0.6859 -0.0000 0.7277
vn 0.9997 -0.0000 0.0246
vn 0.9636 -0.0000 0.2675
vn 0.8769 -0.0000 -0.4806
vn 0.4769 -0.0000 -0.8790
vn -0.0034 -0.9996 -0.0276
vn -0.0531 -0.9843 -0.1680
vn -0.0262 -0.9893 -0.1435
vn -0.0159 -0.9989 -0.0438
vn 0.0038 -0.9996 -0.0272
vn 0.6410 -0.4138 0.6465
vn 0.2720 -0.2587 0.9269
vn 0.7918 -0.4463 0.4170
vn 0.2292 -0.3149 0.9210
vn 0.6539 -0.5684 -0.4993
vn 0.6489 -0.5550 -0.5204
vn 0.5295 0.3981 0.7491
vn 0.5532 -0.0000 0.8331
vn -0.1947 0.3269 0.9248
vn -0.0927 -0.9225 -0.3746
vn -0.0081 -0.9569 -0.2903
vn 0.2514 0.9509 0.1804
vn 0.1967 0.9593 0.2027
vn 0.2659 0.9548 -0.1328
vn 0.1622 0.9698 -0.1821
vn -0.2337 -0.0000 0.9723
vn -0.0784 -0.9449 0.3178
vn -0.0785 -0.9449 0.3178
vn -0.8317 0.5520 -0.0604
vn -0.7308 0.1513 -0.6656
vn -0.6675 0.4510 -0.5925
vn -0.9618 0.2695 0.0471
vn -0.4151 0.8436 0.3407
vn -0.2248 0.2904 0.9301
vn -0.6058 0.3293 0.7243
vn -0.1055 0.8909 0.4418
vn -0.1015 0.5482 -0.8302
vn 0.5717 0.0463 -0.8192
vn 0.4727 0.5484 -0.6898
vn -0.1334 0.0474 -0.9899
vn 0.8631 0.4549 -0.2195
vn 0.8346 0.2667 0.4821
vn 0.7680 0.5540 0.3213
vn 0.9548 0.1486 -0.2574
vn 0.2083 0.3280 0.9214
vn 0.2175 0.8428 0.4924
vn 0.0784 0.9449 -0.3178
vn -0.1056 0.8909 0.4418
vn 0.0785 0.9449 -0.3178
vn -0.5282 0.6815 -0.5065
vn 0.4736 0.6239 -0.6216
vn 0.7043 0.6791 -0.2068
vn -0.1348 0.6249 -0.7690
vn -0.5260 0.8144 -0.2453
vn 0.5841 0.8113 0.0237
vn -0.9714 -0.0065 -0.2374
vn -0.9712 0.0071 -0.2383
vn -0.9717 0.0021 -0.2360
vn 0.9710 0.0051 0.2390
vn 0.9697 -0.0061 0.2444
vn 0.9702 -0.0014 0.2423
vn 0.9937 -0.1092 0.0235
vn 0.9958 -0.0886 0.0251
vn 0.9910 -0.1101 0.0757
vn 0.9972 -0.0745 0.0007
vn 0.9975 -0.0709 0.0035
vn 0.9983 -0.0549 -0.0197
vn 0.0030 0.9599 -0.2804
vn -0.0496 0.9792 -0.1966
vn -0.0000 0.9728 -0.2316
vn -0.0056 0.9713 -0.2377
vn -0.4817 -0.8689 0.1138
vn -0.2517 -0.9667 0.0472
vn 0.0015 -0.9098 0.4151
vn -0.0000 -0.1787 0.9839
vn 0.1286 -0.3538 0.9264
vn -0.0000 -0.3524 0.9358
vn 0.1299 -0.1777 0.9755
vn 0.5038 -0.1688 0.8472
vn 0.5355 -0.3386 0.7737
vn 0.7451 -0.1615 0.6472
vn 0.7268 -0.3035 0.6161
vn 0.9605 -0.1811 0.2112
vn 0.9816 -0.1570 0.1085
vn 0.9838 -0.1323 0.1209
vn 0.9710 -0.1764 0.1614
vn -0.9937 -0.1092 0.0235
vn -0.9958 -0.0886 0.0251
vn -0.9972 -0.0745 0.0007
vn -0.9910 -0.1101 0.0757
vn -0.9975 -0.0709 0.0035
vn -0.9983 -0.0549 -0.0197
vn 0.9865 -0.0000 0.1640
vn -0.3359 0.6928 -0.6381
vn 0.2860 0.9375 -0.1982
vn -0.9865 -0.0000 0.1640
vn -0.2860 0.9375 -0.1982
vn 0.3359 0.6927 -0.6382
vn 0.0496 0.9792 -0.1966
vn 0.0056 0.9713 -0.2377
vn -0.1286 -0.3538 0.9264
vn -0.1299 -0.1777 0.9755
vn -0.5038 -0.1688 0.8472
vn -0.5355 -0.3386 0.7737
vn -0.7451 -0.1615 0.6472
vn -0.7268 -0.3035 0.6161
vn -0.9605 -0.1811 0.2112
vn -0.9816 -0.1570 0.1086
vn -0.9710 -0.1764 0.1614
vn -0.9838 -0.1323 0.1209
vn 0.2252 0.8241 -0.5198
vn -0.1325 -0.0000 0.9912
vn 0.1325 -0.0000 0.9912
vn -0.5172 -0.0000 0.8559
vn -0.7546 -0.0000 0.6562
vn 0.7546 -0.0000 0.6562
vn 0.5172 -0.0000 0.8559
vn -0.0030 0.9599 -0.2804
vn -0.2252 0.8241 -0.5198
vn -0.0000 -0.9803 0.1974
vn 0.2517 -0.9667 0.0472
vn -0.0015 -0.9098 0.4151
vn -0.0000 0.9651 -0.2617
vn -0.0371 -0.9246 0.3790
vn -0.2020 -0.7414 0.6399
vn 0.4817 -0.8689 0.1138
vn 0.2041 -0.9789 -0.0053
vn 0.0912 -0.9914 0.0939
vn -0.0912 -0.9914 0.0939
vn -0.2041 -0.9789 -0.0053
vn 0.2020 -0.7414 0.6399
vn 0.0371 -0.9246 0.3790
vn 0.0001 -0.0000 1.0000
vn 0.2588 -0.9659 -0.0000
vn 0.7071 -0.7071 -0.0000
vn 0.9659 -0.2588 -0.0000
vn -0.2588 -0.9659 -0.0000
vn -0.7071 -0.7071 -0.0000
vn -0.9660 -0.2587 -0.0000
vn 0.9659 0.2588 -0.0000
vn 0.7071 0.7071 -0.0000
vn 0.2588 0.9659 -0.0000
vn -0.9660 0.2587 -0.0000
vn -0.9660 0.2586 -0.0000
vn -0.7071 0.7071 -0.0000
vn -0.2588 0.9659 -0.0000
vt 0.229685 0.173338
vt 0.333762 0.175683
vt 0.266212 0.234298
vt 0.212926 0.189554
vt 0.134104 0.191125
vt 0.111205 0.180767
vt 0.118354 0.175604
vt 0.618537 0.943540
vt 0.618530 0.958085
vt 0.619774 0.958085
vt 0.619774 0.943540
vt 0.620647 0.958383
vt 0.620648 0.943540
vt 0.616933 0.943540
vt 0.613979 0.943540
vt 0.613989 0.958085
vt 0.616933 0.958085
vt 0.609909 0.943540
vt 0.609909 0.958085
vt 0.599879 0.943436
vt 0.599879 0.958085
vt 0.604193 0.958085
vt 0.604108 0.943540
vt 0.594917 0.943586
vt 0.593122 0.943673
vt 0.593122 0.958085
vt 0.594916 0.958085
vt 0.592566 0.944239
vt 0.592565 0.958085
vt 0.963102 0.189310
vt 0.964420 0.136090
vt 0.996723 0.136298
vt 0.996723 0.189310
vt 0.680969 0.943541
vt 0.677266 0.943541
vt 0.677266 0.958418
vt 0.680969 0.958418
vt 0.596778 0.943507
vt 0.596749 0.958085
vt 0.572393 0.144360
vt 0.238792 0.158862
vt 0.245818 0.135955
vt 0.593425 0.175667
vt 0.576561 0.175672
vt 0.190369 0.342422
vt 0.264722 0.341690
vt 0.263602 0.419072
vt 0.190317 0.418950
vt 0.249039 0.497494
vt 0.189608 0.490156
vt 0.329129 0.419170
vt 0.323731 0.497353
vt 0.220689 0.512470
vt 0.169437 0.502805
vt 0.320206 0.523482
vt 0.974698 0.403543
vt 0.975755 0.457736
vt 0.959847 0.427820
vt 0.960729 0.395806
vt 0.986815 0.560037
vt 0.958721 0.550699
vt 0.838037 0.428591
vt 0.838043 0.391529
vt 0.925076 0.537482
vt 0.838019 0.532655
vt 0.608298 0.934470
vt 0.615923 0.938126
vt 0.616381 0.883826
vt 0.608153 0.886359
vt 0.633873 0.939259
vt 0.633873 0.882046
vt 0.357008 0.761059
vt 0.352991 0.695012
vt 0.386734 0.694517
vt 0.401044 0.823502
vt 0.367737 0.827284
vt 0.376518 0.848523
vt 0.398670 0.857990
vt 0.723151 0.138923
vt 0.700017 0.170546
vt 0.687084 0.171279
vt 0.711874 0.138923
vt 0.430513 0.857291
vt 0.502884 0.824053
vt 0.502868 0.856933
vt 0.873261 0.970667
vt 0.873662 0.988308
vt 0.816224 0.988462
vt 0.816193 0.970768
vt 0.697853 0.958419
vt 0.702246 0.958419
vt 0.702232 0.943697
vt 0.697864 0.943697
vt 0.721175 0.085756
vt 0.723813 0.085756
vt 0.939150 0.568972
vt 0.948025 0.600604
vt 0.860714 0.768271
vt 0.815489 0.569189
vt 0.815838 0.768350
vt 0.592554 0.969548
vt 0.620625 0.969549
vt 0.964422 0.096637
vt 0.996733 0.096637
vt 0.872786 0.911401
vt 0.896083 0.935138
vt 0.889832 0.973590
vt 0.816089 0.911501
vt 0.567457 0.087547
vt 0.250781 0.087186
vt 0.034296 0.161388
vt 0.112561 0.157036
vt 0.115823 0.084284
vt 0.107534 0.133895
vt 0.044092 0.118986
vt 0.055447 0.070202
vt 0.025120 0.114573
vt 0.040846 0.066612
vt 0.015479 0.158031
vt 0.672081 0.206771
vt 0.677357 0.258134
vt 0.660714 0.260052
vt 0.655334 0.209068
vt 0.679338 0.302343
vt 0.663226 0.303483
vt 0.616450 0.243027
vt 0.613661 0.212601
vt 0.621164 0.310598
vt 0.514065 0.243748
vt 0.513971 0.213268
vt 0.514220 0.310978
vt 0.189954 0.231864
vt 0.125220 0.324508
vt 0.140770 0.222891
vt 0.087409 0.206368
vt 0.035210 0.191362
vt 0.037815 0.171196
vt 0.018879 0.167685
vt 0.015833 0.188154
vt 0.661116 0.310005
vt 0.677822 0.309746
vt 0.678984 0.327411
vt 0.662377 0.329973
vt 0.622032 0.330258
vt 0.514273 0.329388
vt 0.029271 0.199820
vt 0.069538 0.312632
vt 0.029815 0.307898
vt 0.029221 0.266303
vt 0.023266 0.201264
vt 0.023443 0.263145
vt 0.007705 0.261604
vt 0.006736 0.200174
vt 0.683532 0.340532
vt 0.680992 0.403031
vt 0.665910 0.389438
vt 0.669689 0.341315
vt 0.130531 0.418943
vt 0.090718 0.419048
vt 0.062553 0.419696
vt 0.047847 0.420264
vt 0.039356 0.397120
vt 0.987324 0.208479
vt 0.985552 0.235422
vt 0.972166 0.230979
vt 0.973879 0.199891
vt 0.940377 0.227155
vt 0.940921 0.194792
vt 0.838108 0.225733
vt 0.838122 0.193261
vt 0.330396 0.341295
vt 0.138860 0.477315
vt 0.088383 0.453340
vt 0.072359 0.454575
vt 0.974265 0.236005
vt 0.987612 0.241781
vt 0.981428 0.286569
vt 0.969347 0.278619
vt 0.939861 0.231646
vt 0.937075 0.273439
vt 0.838101 0.229808
vt 0.838086 0.271241
vt 0.084936 0.467543
vt 0.978680 0.306670
vt 0.965788 0.303258
vt 0.936962 0.297093
vt 0.838065 0.294621
vt 0.123436 0.486910
vt 0.977371 0.352450
vt 0.963428 0.337897
vt 0.937031 0.330991
vt 0.838051 0.328293
vt 0.010844 0.308186
vt 0.009290 0.265878
vt 0.677882 0.405315
vt 0.677535 0.449978
vt 0.661316 0.447111
vt 0.661737 0.389297
vt 0.619780 0.443505
vt 0.515133 0.442285
vt 0.617615 0.531026
vt 0.515105 0.529501
vt 0.654244 0.537637
vt 0.669074 0.547394
vt 0.838127 0.188889
vt 0.940637 0.190414
vt 0.977266 0.197025
vt 0.992096 0.206782
vt 0.042632 0.420050
vt 0.034380 0.396943
vt 0.581659 0.944238
vt 0.579077 0.944766
vt 0.576887 0.946555
vt 0.575203 0.953253
vt 0.574594 0.969548
vt 0.676397 0.958477
vt 0.676397 0.943541
vt 0.676401 0.969549
vt 0.872547 0.805367
vt 0.948384 0.805234
vt 0.872626 0.819582
vt 0.861241 0.852666
vt 0.673951 0.192791
vt 0.668121 0.185593
vt 0.934198 0.908317
vt 0.990089 0.909404
vt 0.989367 0.930553
vt 0.933795 0.929914
vt 0.694250 0.943697
vt 0.694250 0.958419
vt 0.640890 0.200517
vt 0.607722 0.195555
vt 0.610562 0.187696
vt 0.640627 0.192732
vt 0.989491 0.971395
vt 0.933901 0.972209
vt 0.933672 0.951164
vt 0.989411 0.951027
vt 0.689298 0.943697
vt 0.683982 0.943697
vt 0.684004 0.958418
vt 0.689298 0.958418
vt 0.990319 0.994136
vt 0.933822 0.995422
vt 0.841522 0.032429
vt 0.930496 0.032443
vt 0.930321 0.086397
vt 0.840755 0.086397
vt 0.840777 0.089105
vt 0.930299 0.088964
vt 0.027204 0.508342
vt 0.027229 0.446923
vt 0.043531 0.446922
vt 0.043507 0.508161
vt 0.841722 0.142336
vt 0.849650 0.152948
vt 0.849772 0.173044
vt 0.841840 0.181798
vt 0.911235 0.172864
vt 0.930814 0.181537
vt 0.910842 0.152653
vt 0.930702 0.142061
vt 0.052041 0.446944
vt 0.051842 0.508138
vt 0.043508 0.516574
vt 0.027203 0.528527
vt 0.006941 0.508364
vt 0.006941 0.446900
vt 0.027229 0.426647
vt 0.043531 0.438400
vt 0.994522 0.916530
vt 0.994780 0.931937
vt 0.994269 0.950986
vt 0.994573 0.971147
vt 0.995737 0.984837
vt 0.872767 0.900413
vt 0.739074 0.810186
vt 0.754308 0.832871
vt 0.651526 0.833355
vt 0.669602 0.810185
vt 0.932848 0.088948
vt 0.942070 0.142108
vt 0.704217 0.969549
vt 0.704598 0.962178
vt 0.704598 0.960934
vt 0.677298 0.969549
vt 0.815987 0.853124
vt 0.704217 0.958419
vt 0.705712 0.960922
vt 0.712354 0.958419
vt 0.712354 0.969549
vt 0.705711 0.962158
vt 0.955458 0.612390
vt 0.955579 0.604873
vt 0.995655 0.605482
vt 0.995541 0.613000
vt 0.955513 0.626636
vt 0.995542 0.626336
vt 0.995540 0.632541
vt 0.955464 0.633110
vt 0.955507 0.618866
vt 0.995542 0.619171
vt 0.962650 0.671012
vt 0.968974 0.670888
vt 0.968905 0.677249
vt 0.962579 0.677323
vt 0.968918 0.685950
vt 0.975283 0.677246
vt 0.968919 0.693417
vt 0.962573 0.693543
vt 0.956262 0.677325
vt 0.962584 0.686025
vt 0.981621 0.677321
vt 0.981581 0.738094
vt 0.975272 0.738094
vt 0.962589 0.738093
vt 0.956271 0.738093
vt 0.968930 0.738094
vt 0.602368 0.930736
vt 0.602977 0.889614
vt 0.593708 0.915570
vt 0.596796 0.924358
vt 0.597167 0.895631
vt 0.593101 0.903923
vt 0.502916 0.694115
vt 0.379697 0.554930
vt 0.502934 0.554773
vt 0.346921 0.555815
vt 0.157231 0.199330
vt 0.189870 0.200967
vt 0.229981 0.887201
vt 0.213222 0.870984
vt 0.266508 0.826241
vt 0.334057 0.884856
vt 0.134400 0.869413
vt 0.118650 0.884933
vt 0.111500 0.879770
vt 0.618537 0.995557
vt 0.619774 0.995557
vt 0.619774 0.981012
vt 0.618530 0.981012
vt 0.620647 0.995557
vt 0.620647 0.980714
vt 0.616933 0.995557
vt 0.616933 0.981012
vt 0.613989 0.981012
vt 0.613979 0.995557
vt 0.609909 0.981012
vt 0.609909 0.995557
vt 0.599879 0.995661
vt 0.604108 0.995557
vt 0.604193 0.981012
vt 0.599879 0.981012
vt 0.594917 0.995511
vt 0.594916 0.981012
vt 0.593122 0.981012
vt 0.593122 0.995424
vt 0.592565 0.981012
vt 0.592565 0.994858
vt 0.963102 0.003964
vt 0.996723 0.003964
vt 0.996723 0.056976
vt 0.964420 0.057184
vt 0.680969 0.995557
vt 0.680969 0.980680
vt 0.677266 0.980680
vt 0.677266 0.995557
vt 0.596748 0.981012
vt 0.596777 0.995589
vt 0.572688 0.916181
vt 0.246113 0.924583
vt 0.239088 0.901676
vt 0.576857 0.884869
vt 0.593721 0.884874
vt 0.190666 0.718116
vt 0.190614 0.641588
vt 0.263900 0.641467
vt 0.265019 0.718848
vt 0.189905 0.570382
vt 0.249337 0.563045
vt 0.324028 0.563186
vt 0.329426 0.641369
vt 0.169735 0.557732
vt 0.220987 0.548068
vt 0.320504 0.537057
vt 0.701340 0.403537
vt 0.715349 0.395798
vt 0.716230 0.427801
vt 0.700348 0.457708
vt 0.717293 0.550679
vt 0.689183 0.559997
vt 0.750959 0.537467
vt 0.667355 0.934249
vt 0.667500 0.886138
vt 0.659272 0.883604
vt 0.659730 0.937905
vt 0.641780 0.881824
vt 0.641780 0.939038
vt 0.649063 0.761062
vt 0.604648 0.823421
vt 0.619153 0.694479
vt 0.653050 0.694952
vt 0.637567 0.827278
vt 0.629841 0.847736
vt 0.606861 0.858350
vt 0.723446 0.921619
vt 0.712170 0.921619
vt 0.687379 0.889262
vt 0.700313 0.889996
vt 0.575185 0.856985
vt 0.759125 0.970867
vt 0.758785 0.988510
vt 0.697853 0.980680
vt 0.697864 0.995401
vt 0.702232 0.995401
vt 0.702246 0.980680
vt 0.724108 0.974786
vt 0.721470 0.974786
vt 0.691827 0.569405
vt 0.770961 0.768429
vt 0.683063 0.601069
vt 0.759391 0.911600
vt 0.742564 0.973848
vt 0.736179 0.935419
vt 0.567752 0.972993
vt 0.251076 0.973352
vt 0.112857 0.903502
vt 0.034592 0.899149
vt 0.116118 0.976254
vt 0.055742 0.990335
vt 0.044387 0.941551
vt 0.107829 0.926643
vt 0.041140 0.993925
vt 0.025415 0.945964
vt 0.015774 0.902505
vt 0.355049 0.208087
vt 0.371780 0.210103
vt 0.367835 0.261074
vt 0.351111 0.259404
vt 0.349258 0.303431
vt 0.365379 0.304421
vt 0.413902 0.212398
vt 0.411688 0.243059
vt 0.407391 0.310843
vt 0.190250 0.828674
vt 0.141066 0.837646
vt 0.125516 0.736030
vt 0.087705 0.854169
vt 0.035506 0.869175
vt 0.038111 0.889341
vt 0.019174 0.892851
vt 0.016128 0.872383
vt 0.367469 0.310940
vt 0.366404 0.330917
vt 0.349774 0.328481
vt 0.350792 0.310809
vt 0.406675 0.330747
vt 0.029566 0.860717
vt 0.069834 0.747905
vt 0.029517 0.794234
vt 0.030111 0.752639
vt 0.023562 0.859272
vt 0.007032 0.860363
vt 0.008001 0.798932
vt 0.023739 0.797392
vt 0.345349 0.341627
vt 0.359165 0.342289
vt 0.363473 0.390333
vt 0.348510 0.404052
vt 0.091015 0.641489
vt 0.130828 0.641594
vt 0.062851 0.640841
vt 0.039653 0.663417
vt 0.048144 0.640273
vt 0.688929 0.208781
vt 0.702375 0.200146
vt 0.704036 0.231117
vt 0.690674 0.235610
vt 0.735338 0.194995
vt 0.735828 0.227286
vt 0.330693 0.719244
vt 0.088681 0.607197
vt 0.139158 0.583223
vt 0.072657 0.605962
vt 0.701937 0.236086
vt 0.706853 0.278629
vt 0.694752 0.286594
vt 0.688611 0.241894
vt 0.736342 0.231718
vt 0.739120 0.273498
vt 0.085234 0.592995
vt 0.710306 0.303241
vt 0.697497 0.306665
vt 0.739156 0.297145
vt 0.123734 0.573627
vt 0.712650 0.337901
vt 0.698638 0.352426
vt 0.739063 0.331006
vt 0.009586 0.794658
vt 0.011141 0.752351
vt 0.351676 0.406233
vt 0.367665 0.390093
vt 0.368798 0.447742
vt 0.352571 0.450702
vt 0.410415 0.444029
vt 0.412590 0.531316
vt 0.375970 0.538069
vt 0.361165 0.547877
vt 0.735612 0.190704
vt 0.698992 0.197457
vt 0.684186 0.207265
vt 0.034677 0.663594
vt 0.042929 0.640487
vt 0.581659 0.994858
vt 0.579077 0.994331
vt 0.576887 0.992542
vt 0.575203 0.985844
vt 0.676397 0.995557
vt 0.676397 0.980621
vt 0.759259 0.805566
vt 0.683421 0.805699
vt 0.770731 0.852825
vt 0.759230 0.819781
vt 0.668416 0.874949
vt 0.674246 0.867750
vt 0.934222 0.901113
vt 0.933820 0.879516
vt 0.989392 0.878878
vt 0.990114 0.900027
vt 0.694250 0.980680
vt 0.694250 0.995401
vt 0.641186 0.860024
vt 0.640923 0.867810
vt 0.610857 0.872845
vt 0.608018 0.864986
vt 0.989516 0.838036
vt 0.989437 0.858404
vt 0.933697 0.858267
vt 0.933926 0.837222
vt 0.689298 0.995401
vt 0.689298 0.980680
vt 0.684004 0.980680
vt 0.683982 0.995401
vt 0.933848 0.814008
vt 0.990344 0.815295
vt 0.834086 0.032579
vt 0.834853 0.086546
vt 0.745288 0.086546
vt 0.745113 0.032593
vt 0.834832 0.089255
vt 0.745310 0.089114
vt 0.027316 0.553803
vt 0.043619 0.553984
vt 0.043642 0.615223
vt 0.027340 0.615221
vt 0.833886 0.142486
vt 0.833765 0.181948
vt 0.825834 0.173193
vt 0.825958 0.153097
vt 0.764372 0.173015
vt 0.744791 0.181687
vt 0.744906 0.142211
vt 0.764765 0.152804
vt 0.052153 0.615201
vt 0.051954 0.554006
vt 0.043620 0.545571
vt 0.027315 0.533617
vt 0.007052 0.553780
vt 0.007052 0.615244
vt 0.027340 0.635498
vt 0.043642 0.623744
vt 0.994805 0.877494
vt 0.994547 0.892901
vt 0.994294 0.858445
vt 0.995762 0.824594
vt 0.994599 0.838284
vt 0.759372 0.900611
vt 0.738956 0.860316
vt 0.669484 0.860316
vt 0.651409 0.837146
vt 0.754191 0.837631
vt 0.733538 0.142257
vt 0.742760 0.089097
vt 0.704598 0.978164
vt 0.704598 0.976920
vt 0.704217 0.980680
vt 0.712354 0.980680
vt 0.705712 0.978176
vt 0.705711 0.976941
vt 0.955568 0.657731
vt 0.995651 0.657122
vt 0.995765 0.664639
vt 0.955689 0.665248
vt 0.955623 0.643485
vt 0.955574 0.637011
vt 0.995651 0.637580
vt 0.995652 0.643785
vt 0.955617 0.651255
vt 0.995652 0.650951
vt 0.962650 0.805175
vt 0.962578 0.798864
vt 0.968905 0.798938
vt 0.968973 0.805299
vt 0.968918 0.790237
vt 0.968919 0.782771
vt 0.975283 0.798941
vt 0.962572 0.782644
vt 0.962583 0.790162
vt 0.956262 0.798862
vt 0.981621 0.798866
vt 0.673285 0.930515
vt 0.672677 0.889393
vt 0.681945 0.915349
vt 0.682553 0.903702
vt 0.678486 0.895410
vt 0.678857 0.924137
vt 0.626189 0.554889
vt 0.658548 0.555772
vt 0.157527 0.861208
vt 0.190165 0.859571
vt 0.962627 0.579850
vt 0.962372 0.581803
vt 0.953338 0.580871
vt 0.954110 0.577581
vt 0.986521 0.579101
vt 0.995895 0.577204
vt 0.996102 0.580933
vt 0.986620 0.580937
vt 0.953526 0.582039
vt 0.962252 0.582760
vt 0.986490 0.581939
vt 0.994086 0.582011
vt 0.962693 0.578495
vt 0.955045 0.576455
vt 0.986211 0.578033
vt 0.993553 0.576548
vt 0.985831 0.575956
vt 0.992349 0.573453
vt 0.962927 0.576345
vt 0.956344 0.573445
vt 0.533802 0.202563
vt 0.531027 0.199732
vt 0.548149 0.199904
vt 0.545318 0.202678
vt 0.533991 0.183656
vt 0.545507 0.183771
vt 0.548282 0.186602
vt 0.531160 0.186431
vt 0.492953 0.200039
vt 0.498825 0.198677
vt 0.496453 0.204033
vt 0.493139 0.185258
vt 0.498787 0.186920
vt 0.509553 0.199410
vt 0.508238 0.206133
vt 0.515581 0.202358
vt 0.518173 0.200339
vt 0.519843 0.201379
vt 0.516717 0.204492
vt 0.508569 0.186721
vt 0.514131 0.184426
vt 0.516275 0.198104
vt 0.510089 0.180873
vt 0.497077 0.181264
vt 0.518258 0.194732
vt 0.513356 0.203996
vt 0.523678 0.197207
vt 0.523490 0.200434
vt 0.832999 0.561946
vt 0.834364 0.543525
vt 0.837493 0.547682
vt 0.836419 0.558955
vt 0.796235 0.558385
vt 0.795641 0.547067
vt 0.798995 0.543339
vt 0.800508 0.561840
vt 0.822461 0.543463
vt 0.219279 0.888916
vt 0.213261 0.894405
vt 0.213222 0.885568
vt 0.213092 0.926003
vt 0.215187 0.916220
vt 0.223758 0.919648
vt 0.218970 0.931463
vt 0.203479 0.895610
vt 0.200251 0.887799
vt 0.196045 0.892679
vt 0.203288 0.924544
vt 0.195638 0.926896
vt 0.200172 0.932638
vt 0.213134 0.934837
vt 0.215261 0.904217
vt 0.223887 0.900803
vt 0.221927 0.904487
vt 0.224422 0.904494
vt 0.224451 0.916056
vt 0.221853 0.916049
vt 0.810899 0.543402
vt 0.232184 0.915945
vt 0.227480 0.923200
vt 0.223090 0.918192
vt 0.232079 0.904382
vt 0.222959 0.902394
vt 0.227174 0.897221
vt 0.058809 0.499934
vt 0.063232 0.497152
vt 0.066452 0.499775
vt 0.073515 0.499808
vt 0.066498 0.490041
vt 0.073561 0.490074
vt 0.069635 0.478238
vt 0.073613 0.478236
vt 0.073613 0.487971
vt 0.069637 0.487971
vt 0.065785 0.478239
vt 0.065788 0.487973
vt 0.062555 0.485366
vt 0.062553 0.480848
vt 0.075299 0.574560
vt 0.059954 0.572701
vt 0.065217 0.562833
vt 0.075178 0.550442
vt 0.067264 0.558757
vt 0.063709 0.550883
vt 0.075208 0.559316
vt 0.067949 0.588527
vt 0.062588 0.583602
vt 0.070365 0.539853
vt 0.075140 0.538877
vt 0.066613 0.542737
vt 0.075405 0.560928
vt 0.063253 0.492634
vt 0.058142 0.478046
vt 0.058856 0.489809
vt 0.058145 0.488170
vt 0.096494 0.528799
vt 0.097980 0.525860
vt 0.101747 0.526313
vt 0.101006 0.530858
vt 0.117455 0.530858
vt 0.116721 0.526315
vt 0.120487 0.525859
vt 0.121969 0.528806
vt 0.105263 0.526484
vt 0.104899 0.531057
vt 0.113563 0.531059
vt 0.113205 0.526483
vt 0.109233 0.526543
vt 0.109231 0.530058
vt 0.098352 0.501193
vt 0.101994 0.501349
vt 0.116474 0.501350
vt 0.120116 0.501194
vt 0.105328 0.501507
vt 0.113140 0.501507
vt 0.109234 0.501568
vt 0.118168 0.926684
vt 0.121413 0.906763
vt 0.161349 0.926613
vt 0.151376 0.886360
vt 0.177539 0.889664
vt 0.183644 0.903081
vt 0.133092 0.892697
vt 0.186013 0.904302
vt 0.163634 0.924483
vt 0.151138 0.882364
vt 0.178661 0.886916
vt 0.130799 0.889402
vt 0.117734 0.905093
vt 0.072735 0.509676
vt 0.069322 0.517327
vt 0.058741 0.512040
vt 0.060656 0.505905
vt 0.079050 0.510224
vt 0.080261 0.504822
vt 0.086009 0.510604
vt 0.087845 0.519350
vt 0.082039 0.519350
vt 0.071794 0.502986
vt 0.904896 0.886784
vt 0.919763 0.890529
vt 0.916110 0.900951
vt 0.896119 0.895239
vt 0.897564 0.879713
vt 0.886419 0.885110
vt 0.895219 0.864084
vt 0.883020 0.864084
vt 0.185985 0.890911
vt 0.187394 0.889953
vt 0.187290 0.897266
vt 0.057029 0.509665
vt 0.057147 0.506830
vt 0.816109 0.847962
vt 0.816109 0.823679
vt 0.832602 0.819955
vt 0.858005 0.847194
vt 0.816109 0.773650
vt 0.858000 0.774151
vt 0.832610 0.809249
vt 0.816109 0.804452
vt 0.075178 0.590308
vt 0.103727 0.501404
vt 0.116577 0.501350
vt 0.101994 0.501349
vt 0.103727 0.501404
vt 0.105328 0.501507
vt 0.113140 0.501507
vt 0.116577 0.501350
vt 0.116474 0.501350
vt 0.105328 0.501507
vt 0.109234 0.501568
vt 0.113140 0.501507
vt 0.189227 0.897149
vt 0.113989 0.926726
vt 0.962627 0.587207
vt 0.954110 0.589476
vt 0.953338 0.586186
vt 0.962372 0.585254
vt 0.986521 0.587957
vt 0.986620 0.586120
vt 0.996102 0.586125
vt 0.995895 0.589854
vt 0.953526 0.585019
vt 0.962252 0.584298
vt 0.986490 0.585119
vt 0.994086 0.585047
vt 0.962693 0.588562
vt 0.955044 0.590603
vt 0.986211 0.589024
vt 0.993553 0.590510
vt 0.992349 0.593605
vt 0.985831 0.591102
vt 0.962927 0.590712
vt 0.956344 0.593612
vt 0.566480 0.202563
vt 0.554964 0.202678
vt 0.552133 0.199904
vt 0.569255 0.199733
vt 0.566291 0.183656
vt 0.569122 0.186431
vt 0.552000 0.186602
vt 0.554775 0.183771
vt 0.488931 0.200039
vt 0.485431 0.204033
vt 0.483059 0.198677
vt 0.483097 0.186920
vt 0.488745 0.185258
vt 0.472331 0.199410
vt 0.473646 0.206133
vt 0.466303 0.202357
vt 0.465167 0.204492
vt 0.462041 0.201379
vt 0.463711 0.200339
vt 0.473315 0.186721
vt 0.465609 0.198104
vt 0.467753 0.184425
vt 0.471795 0.180872
vt 0.484807 0.181264
vt 0.463626 0.194731
vt 0.468528 0.203996
vt 0.458394 0.200433
vt 0.458207 0.197206
vt 0.845154 0.561841
vt 0.841734 0.558850
vt 0.840660 0.547577
vt 0.843789 0.543420
vt 0.881918 0.558282
vt 0.877645 0.561736
vt 0.879158 0.543236
vt 0.882512 0.546963
vt 0.855693 0.543358
vt 0.219278 0.985011
vt 0.213222 0.988359
vt 0.213261 0.979522
vt 0.213092 0.947924
vt 0.218970 0.942464
vt 0.223757 0.954279
vt 0.215187 0.957707
vt 0.203479 0.978317
vt 0.200250 0.986127
vt 0.196045 0.981248
vt 0.203288 0.949383
vt 0.195638 0.947030
vt 0.200172 0.941289
vt 0.213134 0.939090
vt 0.215261 0.969710
vt 0.223887 0.973124
vt 0.221927 0.969440
vt 0.221853 0.957878
vt 0.224451 0.957871
vt 0.224422 0.969433
vt 0.867255 0.543298
vt 0.223090 0.955735
vt 0.227480 0.950727
vt 0.232183 0.957982
vt 0.232078 0.969545
vt 0.222958 0.971533
vt 0.227174 0.976706
vt 0.088219 0.500074
vt 0.080577 0.499842
vt 0.083823 0.497249
vt 0.080624 0.490108
vt 0.077592 0.478238
vt 0.077590 0.487971
vt 0.081442 0.478239
vt 0.084674 0.480848
vt 0.084672 0.485366
vt 0.081439 0.487973
vt 0.085562 0.562990
vt 0.090672 0.572939
vt 0.086651 0.550807
vt 0.083148 0.558704
vt 0.087870 0.583797
vt 0.082433 0.588639
vt 0.079922 0.539821
vt 0.083693 0.542681
vt 0.083844 0.492731
vt 0.089084 0.478046
vt 0.088268 0.489949
vt 0.089081 0.488170
vt 0.096443 0.534796
vt 0.100956 0.532737
vt 0.101696 0.537281
vt 0.097930 0.537734
vt 0.117404 0.532736
vt 0.121919 0.534789
vt 0.120437 0.537735
vt 0.116671 0.537279
vt 0.104849 0.532537
vt 0.105213 0.537110
vt 0.113513 0.532535
vt 0.113154 0.537112
vt 0.109181 0.533537
vt 0.109183 0.537051
vt 0.101944 0.562245
vt 0.098301 0.562401
vt 0.120066 0.562400
vt 0.116424 0.562245
vt 0.105277 0.562087
vt 0.113089 0.562087
vt 0.109184 0.562027
vt 0.121647 0.946566
vt 0.151507 0.966899
vt 0.183720 0.950073
vt 0.177660 0.963510
vt 0.133203 0.960622
vt 0.163641 0.928737
vt 0.186086 0.948845
vt 0.178791 0.966255
vt 0.151282 0.970896
vt 0.130920 0.963924
vt 0.117987 0.948279
vt 0.072735 0.529023
vt 0.060656 0.532794
vt 0.058741 0.526659
vt 0.069322 0.521373
vt 0.079050 0.528475
vt 0.086009 0.528095
vt 0.080261 0.533877
vt 0.071794 0.535713
vt 0.904896 0.841383
vt 0.896119 0.832929
vt 0.916110 0.827216
vt 0.919763 0.837638
vt 0.897565 0.848454
vt 0.886419 0.843057
vt 0.186101 0.962236
vt 0.187513 0.963188
vt 0.187385 0.955876
vt 0.057147 0.531869
vt 0.057029 0.529035
vt 0.774214 0.847194
vt 0.799617 0.819955
vt 0.799608 0.809249
vt 0.774219 0.774151
vt 0.103676 0.562190
vt 0.116526 0.562244
vt 0.101944 0.562245
vt 0.105277 0.562087
vt 0.103676 0.562190
vt 0.113089 0.562087
vt 0.116424 0.562245
vt 0.116526 0.562244
vt 0.105277 0.562087
vt 0.109184 0.562027
vt 0.103676 0.562190
vt 0.109184 0.562027
vt 0.113089 0.562087
vt 0.103676 0.562190
vt 0.189323 0.955986
vt 0.427372 0.183435
vt 0.431073 0.202505
vt 0.427372 0.202505
vt 0.448498 0.183435
vt 0.451395 0.186333
vt 0.451395 0.199607
vt 0.448498 0.202505
vt 0.424474 0.199607
vt 0.424474 0.186333
vt 0.371223 0.186189
vt 0.378289 0.195364
vt 0.374927 0.200827
vt 0.366546 0.189918
vt 0.371994 0.182292
vt 0.365147 0.185720
vt 0.364508 0.181928
vt 0.372719 0.180587
vt 0.381691 0.195087
vt 0.398120 0.195088
vt 0.400735 0.203019
vt 0.379077 0.203019
vt 0.401522 0.195364
vt 0.408585 0.186187
vt 0.413264 0.189913
vt 0.404886 0.200826
vt 0.407813 0.182288
vt 0.414661 0.185714
vt 0.398676 0.186807
vt 0.407088 0.180584
vt 0.415299 0.181922
vt 0.381134 0.186807
vt 0.444796 0.202505
vt 0.142013 0.538550
vt 0.141956 0.525793
vt 0.152954 0.524798
vt 0.153019 0.539446
vt 0.133807 0.539579
vt 0.133739 0.524842
vt 0.145525 0.551002
vt 0.140305 0.547081
vt 0.144616 0.543299
vt 0.144516 0.521019
vt 0.140164 0.517281
vt 0.145380 0.513294
vt 0.069538 0.312632
vt 0.090718 0.419048
vt 0.130531 0.418943
vt 0.125220 0.324508
vt 0.190317 0.418950
vt 0.190369 0.342422
vt 0.374407 0.150655
vt 0.392799 0.150360
vt 0.314926 0.206711
vt 0.324666 0.204633
vt 0.572204 0.129912
vt 0.708134 0.157175
vt 0.579102 0.129753
vt 0.515133 0.442285
vt 0.515105 0.529501
vt 0.617615 0.531026
vt 0.619780 0.443505
vt 0.654244 0.537637
vt 0.661316 0.447111
vt 0.669074 0.547394
vt 0.677535 0.449978
vt 0.039356 0.397120
vt 0.062553 0.419696
vt 0.029815 0.307898
vt 0.010844 0.308186
vt 0.069834 0.747905
vt 0.125516 0.736030
vt 0.130828 0.641594
vt 0.091015 0.641489
vt 0.190666 0.718116
vt 0.190614 0.641588
vt 0.421230 0.154595
vt 0.307925 0.129741
vt 0.421252 0.151670
vt 0.364384 0.154722
vt 0.364326 0.151809
vt 0.307977 0.207539
vt 0.314874 0.130569
vt 0.324614 0.132647
vt 0.410415 0.444029
vt 0.412590 0.531316
vt 0.368798 0.447742
vt 0.375970 0.538069
vt 0.352571 0.450702
vt 0.361165 0.547877
vt 0.039653 0.663417
vt 0.011141 0.752351
vt 0.030111 0.752639
vt 0.062851 0.640841
vt 0.367167 0.151356
vt 0.515007 0.425766
vt 0.409868 0.427454
vt 0.620109 0.426935
vt 0.368478 0.431460
vt 0.352236 0.434052
vt 0.677665 0.433255
vt 0.661435 0.430782
vt 0.411184 0.150564
vt 0.418413 0.151237
vt 0.683030 0.156802
vt 0.657925 0.157246
vt 0.579175 0.184227
vt 0.336011 0.135780
vt 0.336063 0.201500
vt 0.648958 0.158900
vt 0.566596 0.189597
vt 0.572277 0.184068
vt 0.588924 0.184252
vt 0.603565 0.184251
vt 0.603493 0.129729
vt 0.588852 0.129727
vt 0.720736 0.161184
vt 0.717104 0.158794
vt 0.657059 0.079064
vt 0.657076 0.091371
vt 0.563878 0.211873
vt 0.596684 0.080430
vt 0.395928 0.865330
vt 0.395928 0.865330
vt 0.465653 0.865330
vt 0.465653 0.865330
vt 0.000000 0.000000
vt 1.000000 0.000000
vt 1.000000 1.000000
vt 0.000000 1.000000
vt 0.467579 0.867150
vt 0.467579 0.867150
vt 0.467579 0.878571
vt 0.467579 0.878571
vt 0.465653 0.880391
vt 0.465653 0.880391
vt 0.395928 0.880391
vt 0.395928 0.880391
vt 0.394002 0.867150
vt 0.394088 0.866240
vt 0.394965 0.865411
vt 0.395928 0.865330
vt 0.465653 0.865330
vt 0.466616 0.865411
vt 0.467493 0.866240
vt 0.467579 0.867150
vt 0.467579 0.878571
vt 0.467493 0.879481
vt 0.466616 0.880310
vt 0.465653 0.880391
vt 0.395928 0.880391
vt 0.394965 0.880310
vt 0.394088 0.879481
vt 0.394002 0.878571
vt 0.465653 0.865330
vt 0.465653 0.865330
vt 0.466616 0.865330
vt 0.466616 0.865411
vt 0.466616 0.865411
vt 0.466616 0.865330
vt 0.467579 0.866240
vt 0.467493 0.866240
vt 0.467493 0.866240
vt 0.467579 0.866240
vt 0.467579 0.867150
vt 0.467579 0.867150
vt 0.395928 0.865330
vt 0.395928 0.865330
vt 0.394965 0.865411
vt 0.394965 0.865330
vt 0.394965 0.865330
vt 0.394965 0.865411
vt 0.394088 0.866240
vt 0.394002 0.866240
vt 0.394002 0.866240
vt 0.394088 0.866240
vt 0.394002 0.867150
vt 0.394002 0.867150
vt 0.467579 0.878571
vt 0.467579 0.878571
vt 0.467579 0.879481
vt 0.467493 0.879481
vt 0.467493 0.879481
vt 0.467579 0.879481
vt 0.466616 0.880391
vt 0.466616 0.880310
vt 0.466616 0.880310
vt 0.466616 0.880391
vt 0.465653 0.880391
vt 0.465653 0.880391
vt 0.394002 0.878571
vt 0.394002 0.878571
vt 0.394088 0.879481
vt 0.394002 0.879481
vt 0.394002 0.879481
vt 0.394088 0.879481
vt 0.394965 0.880310
vt 0.394965 0.880391
vt 0.394965 0.880391
vt 0.394965 0.880310
vt 0.395928 0.880391
vt 0.395928 0.880391
vt 0.394002 0.878571
vt 0.394002 0.878571
vt 0.394002 0.867150
vt 0.394002 0.867150
vt 0.000000 0.000000
vt 1.000000 0.000000
vt 1.000000 1.000000
vt 0.000000 1.000000
s 1
f 1393/1393/915 1394/1394/917 1395/1395/916
f 1393/1393/915 1395/1395/916 1396/1396/918
f 1396/1396/918 1395/1395/916 1397/1397/919
f 1396/1396/918 1397/1397/919 1398/1398/920
f 1399/1399/921 1400/1400/923 1401/1401/922
f 1402/1402/924 1401/1401/922 1400/1400/923
f 1403/1403/925 1404/1404/927 1405/1405/926
f 1406/1406/928 1407/1407/930 1408/1408/929
f 1406/1406/928 1408/1408/929 1409/1409/931
f 1408/1408/929 1410/1410/933 1411/1411/932
f 1408/1408/929 1411/1411/932 1409/1409/931
f 1410/1410/933 1412/1412/935 1413/1413/934
f 1410/1410/933 1413/1413/934 1411/1411/932
f 1414/1414/936 1415/1415/938 1416/1416/937
f 1414/1414/936 1416/1416/937 1417/1417/939
f 1415/1415/938 1394/1394/917 1393/1393/915
f 1415/1415/938 1393/1393/915 1416/1416/937
f 1418/1418/940 1419/1419/942 1420/1420/941
f 1418/1418/940 1420/1420/941 1421/1421/943
f 1419/1419/942 1422/1422/945 1423/1423/944
f 1419/1419/942 1423/1423/944 1420/1420/941
f 1424/1424/946 1425/1425/948 1426/1426/947
f 1427/1427/949 1428/1428/951 1429/1429/950
f 1430/1430/952 1431/1431/953 1400/1400/923
f 1406/1406/928 1432/1432/955 1433/1433/954
f 1406/1406/928 1433/1433/954 1407/1407/930
f 1433/1433/954 1432/1432/955 1434/1434/956
f 1433/1433/954 1434/1434/956 1435/1435/957
f 1435/1435/957 1434/1434/956 1436/1436/958
f 1435/1435/957 1436/1436/958 1437/1437/959
f 1438/1438/960 1439/1439/962 1440/1440/961
f 1438/1438/960 1440/1440/961 1441/1441/963
f 1441/1441/963 1440/1440/961 1418/1418/940
f 1441/1441/963 1418/1418/940 1421/1421/943
f 1429/1429/950 1428/1428/951 1442/1442/964
f 1443/1443/701 1444/1444/965 1432/1432/955
f 1443/1443/701 1432/1432/955 1406/1406/928
f 1445/1445/966 1443/1443/701 1406/1406/928
f 1445/1445/966 1406/1406/928 1409/1409/931
f 1446/1446/967 1447/1447/968 1436/1436/958
f 1446/1446/967 1436/1436/958 1434/1434/956
f 1448/1448/969 1449/1449/970 1411/1411/932
f 1448/1448/969 1411/1411/932 1413/1413/934
f 1444/1444/965 1446/1446/967 1434/1434/956
f 1444/1444/965 1434/1434/956 1432/1432/955
f 1449/1449/970 1445/1445/966 1409/1409/931
f 1449/1449/970 1409/1409/931 1411/1411/932
f 1442/1442/964 1399/1399/921 1429/1429/950
f 1400/1400/923 1450/1450/971 1430/1430/952
f 1451/1451/972 1426/1426/947 1425/1425/948
f 1425/1425/948 1430/1430/952 1450/1450/971
f 1452/1452/973 1453/1453/975 1454/1454/974
f 1429/1429/950 1399/1399/921 1401/1401/922
f 1450/1450/971 1451/1451/972 1425/1425/948
f 1431/1431/953 1402/1402/924 1400/1400/923
f 1402/1402/924 1431/1431/953 1455/1455/976
f 1402/1402/924 1455/1455/976 1456/1456/976
f 1457/1457/977 1458/1458/978 1453/1453/975
f 1459/1459/979 1454/1454/974 1453/1453/975
f 1460/1460/980 1461/1461/981 1452/1452/973
f 1462/1462/982 1463/1463/983 1452/1452/973
f 1403/1403/925 1464/1464/984 1404/1404/927
f 1463/1463/983 1405/1405/926 1452/1452/973
f 1454/1454/974 1460/1460/980 1452/1452/973
f 1453/1453/975 1458/1458/978 1459/1459/979
f 1465/1465/985 1404/1404/927 1464/1464/984
f 1405/1405/926 1404/1404/927 1452/1452/973
f 1452/1452/973 1461/1461/981 1462/1462/982
f 1466/1466/217 1467/1467/217 1468/1468/217
f 1466/1466/217 1468/1468/217 1469/1469/217
f 359/359/87 360/360/89 361/361/88
f 359/359/87 361/361/88 362/362/90
f 363/363/91 364/364/93 365/365/92
f 366/366/94 367/367/96 368/368/95
f 366/366/94 368/368/95 369/369/97
f 368/368/95 370/370/99 371/371/98
f 368/368/95 371/371/98 369/369/97
f 372/372/100 373/373/102 374/374/101
f 372/372/100 374/374/101 375/375/103
f 373/373/102 376/376/105 377/377/104
f 373/373/102 377/377/104 374/374/101
f 378/378/106 379/379/108 380/380/107
f 378/378/106 380/380/107 381/381/109
f 382/382/110 383/383/112 384/384/111
f 382/382/110 384/384/111 385/385/113
f 383/383/112 386/386/115 387/387/114
f 383/383/112 387/387/114 384/384/111
f 388/388/116 389/389/118 390/390/117
f 388/388/116 390/390/117 391/391/119
f 392/392/120 393/393/122 394/394/121
f 392/392/120 394/394/121 395/395/123
f 372/372/100 375/375/103 367/367/96
f 372/372/100 367/367/96 366/366/94
f 379/379/108 378/378/106 396/396/124
f 379/379/108 396/396/124 397/397/125
f 398/398/126 360/360/89 399/399/126
f 398/398/126 399/399/126 400/400/126
f 398/398/126 401/401/128 402/402/127
f 403/403/129 404/404/131 405/405/130
f 403/403/129 405/405/130 406/406/132
f 406/406/132 405/405/130 407/407/133
f 406/406/132 407/407/133 408/408/134
f 405/405/130 409/409/136 410/410/135
f 405/405/130 410/410/135 407/407/133
f 408/408/134 407/407/133 411/411/137
f 408/408/134 411/411/137 412/412/138
f 407/407/133 410/410/135 413/413/139
f 407/407/133 413/413/139 411/411/137
f 414/414/140 415/415/142 416/416/141
f 414/414/140 416/416/141 417/417/143
f 415/415/142 418/418/145 419/419/144
f 415/415/142 419/419/144 416/416/141
f 417/417/143 416/416/141 420/420/146
f 417/417/143 420/420/146 421/421/147
f 416/416/141 422/422/149 423/423/148
f 416/416/141 423/423/148 420/420/146
f 424/424/126 425/425/151 426/426/150
f 424/424/126 426/426/150 427/427/126
f 425/425/151 428/428/153 429/429/152
f 425/425/151 429/429/152 426/426/150
f 430/430/154 431/431/156 432/432/155
f 430/430/154 432/432/155 433/433/157
f 434/434/158 430/430/154 433/433/157
f 435/435/159 434/434/158 433/433/157
f 435/435/159 433/433/157 436/436/160
f 360/360/89 359/359/87 399/399/126
f 437/437/161 438/438/126 439/439/126
f 437/437/161 439/439/126 440/440/162
f 416/416/141 419/419/144 422/422/149
f 436/436/160 433/433/157 441/441/163
f 433/433/157 442/442/165 443/443/164
f 433/433/157 443/443/164 441/441/163
f 444/444/166 445/445/167 446/446/167
f 444/444/166 446/446/167 447/447/168
f 448/448/169 449/449/171 450/450/170
f 448/448/169 450/450/170 451/451/172
f 437/437/161 440/440/162 452/452/173
f 437/437/161 452/452/173 453/453/173
f 454/454/174 455/455/174 456/456/174
f 457/457/174 454/454/174 456/456/174
f 457/457/174 456/456/174 458/458/174
f 387/387/114 459/459/176 460/460/175
f 387/387/114 460/460/175 370/370/99
f 389/389/118 461/461/178 462/462/177
f 389/389/118 462/462/177 390/390/117
f 463/463/179 464/464/181 465/465/180
f 463/463/179 465/465/180 444/444/166
f 466/466/182 463/463/179 444/444/166
f 466/466/182 444/444/166 447/447/168
f 467/467/126 398/398/126 400/400/126
f 467/467/126 400/400/126 468/468/126
f 377/377/104 376/376/105 381/381/109
f 377/377/104 381/381/109 380/380/107
f 364/364/93 469/469/184 470/470/183
f 364/364/93 470/470/183 365/365/92
f 382/382/110 385/385/113 397/397/125
f 382/382/110 397/397/125 396/396/124
f 471/471/185 472/472/187 473/473/186
f 471/471/185 473/473/186 474/474/188
f 472/472/187 470/470/183 469/469/184
f 472/472/187 469/469/184 473/473/186
f 474/474/188 473/473/186 475/475/189
f 474/474/188 475/475/189 476/476/190
f 473/473/186 469/469/184 477/477/191
f 473/473/186 477/477/191 475/475/189
f 478/478/192 479/479/194 480/480/193
f 478/478/192 480/480/193 481/481/195
f 482/482/196 483/483/197 480/480/193
f 482/482/196 480/480/193 479/479/194
f 481/481/195 480/480/193 484/484/198
f 481/481/195 484/484/198 485/485/199
f 480/480/193 483/483/197 486/486/200
f 480/480/193 486/486/200 484/484/198
f 485/485/199 484/484/198 487/487/201
f 485/485/199 487/487/201 488/488/202
f 484/484/198 486/486/200 489/489/203
f 484/484/198 489/489/203 487/487/201
f 490/490/204 403/403/129 491/491/205
f 490/490/204 491/491/205 492/492/206
f 363/363/91 492/492/206 493/493/207
f 363/363/91 493/493/207 364/364/93
f 494/494/208 495/495/209 364/364/93
f 494/494/208 364/364/93 493/493/207
f 496/496/210 495/495/209 494/494/208
f 496/496/210 494/494/208 497/497/211
f 498/498/212 499/499/214 500/500/213
f 498/498/212 500/500/213 501/501/215
f 486/486/200 498/498/212 501/501/215
f 486/486/200 501/501/215 502/502/216
f 489/489/203 486/486/200 502/502/216
f 489/489/203 502/502/216 503/503/217
f 403/403/129 490/490/204 361/361/88
f 403/403/129 361/361/88 404/404/131
f 504/504/218 497/497/211 494/494/208
f 483/483/197 482/482/196 499/499/214
f 483/483/197 499/499/214 498/498/212
f 477/477/191 469/469/184 495/495/209
f 477/477/191 495/495/209 496/496/210
f 469/469/184 364/364/93 495/495/209
f 505/505/219 506/506/221 507/507/220
f 508/508/222 509/509/224 510/510/223
f 508/508/222 510/510/223 511/511/225
f 512/512/226 513/513/228 514/514/227
f 512/512/226 514/514/227 515/515/229
f 515/515/229 514/514/227 502/502/216
f 505/505/219 491/491/205 516/516/230
f 505/505/219 516/516/230 517/517/231
f 491/491/205 403/403/129 406/406/132
f 491/491/205 406/406/132 516/516/230
f 518/518/232 519/519/234 520/520/233
f 521/521/235 522/522/237 523/523/236
f 521/521/235 523/523/236 524/524/238
f 524/524/238 523/523/236 525/525/239
f 524/524/238 525/525/239 526/526/240
f 525/525/239 527/527/242 528/528/241
f 525/525/239 528/528/241 526/526/240
f 404/404/131 529/529/243 409/409/136
f 404/404/131 409/409/136 405/405/130
f 517/517/231 516/516/230 530/530/244
f 517/517/231 530/530/244 531/531/245
f 516/516/230 406/406/132 408/408/134
f 516/516/230 408/408/134 530/530/244
f 518/518/232 517/517/231 531/531/245
f 519/519/234 518/518/232 531/531/245
f 519/519/234 531/531/245 532/532/246
f 533/533/247 534/534/249 535/535/248
f 533/533/247 535/535/248 536/536/250
f 537/537/251 533/533/247 536/536/250
f 537/537/251 536/536/250 538/538/252
f 539/539/253 537/537/251 538/538/252
f 539/539/253 538/538/252 540/540/254
f 532/532/246 531/531/245 541/541/255
f 536/536/250 535/535/248 542/542/256
f 536/536/250 542/542/256 543/543/257
f 538/538/252 536/536/250 543/543/257
f 538/538/252 543/543/257 544/544/258
f 540/540/254 538/538/252 544/544/258
f 540/540/254 544/544/258 545/545/259
f 541/541/255 531/531/245 530/530/244
f 541/541/255 530/530/244 546/546/260
f 543/543/257 542/542/256 547/547/261
f 543/543/257 547/547/261 548/548/262
f 544/544/258 543/543/257 548/548/262
f 544/544/258 548/548/262 549/549/263
f 545/545/259 544/544/258 549/549/263
f 545/545/259 549/549/263 550/550/264
f 546/546/260 530/530/244 408/408/134
f 546/546/260 408/408/134 412/412/138
f 548/548/262 547/547/261 414/414/140
f 548/548/262 414/414/140 417/417/143
f 549/549/263 548/548/262 417/417/143
f 550/550/264 549/549/263 417/417/143
f 550/550/264 417/417/143 421/421/147
f 507/507/220 506/506/221 551/551/265
f 507/507/220 551/551/265 552/552/266
f 553/553/267 554/554/269 555/555/268
f 553/553/267 555/555/268 556/556/270
f 556/556/270 555/555/268 557/557/271
f 556/556/270 557/557/271 502/502/216
f 502/502/216 557/557/271 558/558/272
f 502/502/216 558/558/272 503/503/217
f 507/507/220 504/504/218 493/493/207
f 507/507/220 493/493/207 505/505/219
f 504/504/218 508/508/222 511/511/225
f 504/504/218 511/511/225 497/497/211
f 504/504/218 507/507/220 509/509/224
f 504/504/218 509/509/224 508/508/222
f 507/507/220 552/552/266 510/510/223
f 507/507/220 510/510/223 509/509/224
f 553/553/267 556/556/270 514/514/227
f 553/553/267 514/514/227 513/513/228
f 556/556/270 502/502/216 514/514/227
f 502/502/216 501/501/215 515/515/229
f 501/501/215 500/500/213 512/512/226
f 501/501/215 512/512/226 515/515/229
f 558/558/272 557/557/271 559/559/273
f 558/558/272 559/559/273 560/560/274
f 559/559/273 557/557/271 555/555/268
f 559/559/273 555/555/268 561/561/275
f 561/561/275 555/555/268 554/554/269
f 561/561/275 554/554/269 562/562/276
f 520/520/233 551/551/265 506/506/221
f 520/520/233 506/506/221 518/518/232
f 518/518/232 506/506/221 505/505/219
f 518/518/232 505/505/219 517/517/231
f 563/563/277 564/564/278 526/526/240
f 563/563/277 526/526/240 528/528/241
f 564/564/278 565/565/279 524/524/238
f 564/564/278 524/524/238 526/526/240
f 565/565/279 566/566/280 521/521/235
f 565/565/279 521/521/235 524/524/238
f 520/520/233 519/519/234 567/567/281
f 520/520/233 567/567/281 568/568/281
f 534/534/249 533/533/247 523/523/236
f 534/534/249 523/523/236 522/522/237
f 533/533/247 537/537/251 525/525/239
f 533/533/247 525/525/239 523/523/236
f 537/537/251 539/539/253 527/527/242
f 537/537/251 527/527/242 525/525/239
f 386/386/115 569/569/176 387/387/114
f 569/569/176 570/570/176 387/387/114
f 570/570/176 571/571/176 387/387/114
f 571/571/176 572/572/176 387/387/114
f 572/572/176 573/573/176 459/459/176
f 572/572/176 459/459/176 387/387/114
f 371/371/98 370/370/99 574/574/282
f 371/371/98 574/574/282 575/575/283
f 370/370/99 460/460/175 576/576/284
f 370/370/99 576/576/284 574/574/282
f 577/577/174 456/456/174 455/455/174
f 577/577/174 455/455/174 578/578/174
f 402/402/127 360/360/89 398/398/126
f 577/577/174 579/579/174 580/580/174
f 577/577/174 580/580/174 456/456/174
f 439/439/126 438/438/126 581/581/126
f 439/439/126 581/581/126 582/582/126
f 583/583/285 584/584/287 585/585/286
f 583/583/285 585/585/286 586/586/288
f 448/448/169 451/451/172 587/587/289
f 448/448/169 587/587/289 588/588/290
f 589/589/126 590/590/292 591/591/291
f 589/589/126 591/591/291 592/592/126
f 593/593/293 594/594/295 595/595/294
f 593/593/293 595/595/294 596/596/296
f 597/597/297 598/598/299 599/599/298
f 597/597/297 599/599/298 600/600/300
f 591/591/291 590/590/292 402/402/127
f 591/591/291 402/402/127 401/401/128
f 594/594/295 593/593/293 601/601/301
f 594/594/295 601/601/301 602/602/302
f 599/599/298 598/598/299 392/392/120
f 599/599/298 392/392/120 395/395/123
f 600/600/300 588/588/290 587/587/289
f 600/600/300 587/587/289 597/597/297
f 582/582/126 581/581/126 589/589/126
f 582/582/126 589/589/126 592/592/126
f 586/586/288 585/585/286 596/596/296
f 586/586/288 596/596/296 595/595/294
f 603/603/303 604/604/305 605/605/304
f 603/603/303 605/605/304 606/606/306
f 607/607/307 606/606/306 605/605/304
f 607/607/307 605/605/304 608/608/308
f 609/609/309 610/610/311 611/611/310
f 609/609/309 611/611/310 612/612/312
f 613/613/313 614/614/315 615/615/314
f 613/613/313 615/615/314 616/616/316
f 617/617/317 618/618/318 616/616/316
f 617/617/317 616/616/316 615/615/314
f 619/619/319 620/620/320 618/618/318
f 619/619/319 618/618/318 617/617/317
f 619/619/319 614/614/315 613/613/313
f 619/619/319 613/613/313 620/620/320
f 613/613/313 607/607/307 608/608/308
f 613/613/313 608/608/308 620/620/320
f 621/621/176 622/622/176 612/612/312
f 621/621/176 612/612/312 611/611/310
f 623/623/321 624/624/321 609/609/309
f 623/623/321 609/609/309 612/612/312
f 625/625/174 626/626/174 610/610/311
f 625/625/174 610/610/311 609/609/309
f 627/627/322 628/628/322 611/611/310
f 627/627/322 611/611/310 610/610/311
f 585/585/286 584/584/287 629/629/323
f 585/585/286 629/629/323 630/630/323
f 596/596/296 585/585/286 630/630/323
f 596/596/296 630/630/323 631/631/323
f 601/601/301 593/593/293 632/632/324
f 601/601/301 632/632/324 633/633/325
f 593/593/293 596/596/296 631/631/323
f 593/593/293 631/631/323 632/632/324
f 634/634/174 463/463/179 466/466/182
f 635/635/126 636/636/126 637/637/126
f 635/635/126 637/637/126 638/638/126
f 608/608/308 639/639/327 640/640/326
f 608/608/308 640/640/326 620/620/320
f 449/449/171 641/641/329 642/642/328
f 449/449/171 642/642/328 643/643/330
f 641/641/329 449/449/171 394/394/121
f 641/641/329 394/394/121 644/644/331
f 634/634/174 466/466/182 645/645/174
f 634/634/174 645/645/174 580/580/174
f 580/580/174 579/579/174 634/634/174
f 646/646/332 643/643/330 647/647/333
f 646/646/332 647/647/333 648/648/334
f 643/643/330 646/646/332 449/449/171
f 641/641/329 649/649/336 650/650/335
f 641/641/329 650/650/335 642/642/328
f 648/648/334 647/647/333 650/650/335
f 648/648/334 650/650/335 649/649/336
f 651/651/337 652/652/339 653/653/338
f 651/651/337 653/653/338 654/654/340
f 655/655/341 656/656/343 657/657/342
f 655/655/341 657/657/342 658/658/342
f 659/659/344 660/660/345 656/656/343
f 659/659/344 656/656/343 655/655/341
f 651/651/337 654/654/340 660/660/345
f 651/651/337 660/660/345 659/659/344
f 661/661/346 662/662/346 663/663/347
f 661/661/346 663/663/347 664/664/348
f 665/665/349 666/666/351 667/667/350
f 668/668/352 669/669/354 670/670/353
f 666/666/351 665/665/349 663/663/347
f 665/665/349 670/670/353 664/664/348
f 665/665/349 664/664/348 663/663/347
f 670/670/353 669/669/354 664/664/348
f 666/666/351 671/671/355 672/672/336
f 666/666/351 672/672/336 673/673/356
f 669/669/354 668/668/352 674/674/357
f 669/669/354 674/674/357 675/675/358
f 668/668/352 667/667/350 676/676/359
f 668/668/352 676/676/359 674/674/357
f 667/667/350 666/666/351 673/673/356
f 667/667/350 673/673/356 676/676/359
f 677/677/126 424/424/126 427/427/126
f 677/677/126 427/427/126 678/678/126
f 679/679/126 680/680/126 681/681/126
f 679/679/126 681/681/126 682/682/126
f 680/680/126 677/677/126 678/678/126
f 680/680/126 678/678/126 681/681/126
f 433/433/157 432/432/155 683/683/360
f 433/433/157 683/683/360 442/442/165
f 432/432/155 684/684/362 685/685/361
f 432/432/155 685/685/361 683/683/360
f 493/493/207 504/504/218 494/494/208
f 486/486/200 483/483/197 498/498/212
f 361/361/88 360/360/89 529/529/243
f 361/361/88 529/529/243 404/404/131
f 431/431/156 686/686/363 684/684/362
f 431/431/156 684/684/362 432/432/155
f 491/491/205 505/505/219 493/493/207
f 491/491/205 493/493/207 492/492/206
f 492/492/206 363/363/91 687/687/364
f 492/492/206 687/687/364 688/688/365
f 492/492/206 688/688/365 490/490/204
f 688/688/365 362/362/90 361/361/88
f 688/688/365 361/361/88 490/490/204
f 689/689/366 690/690/368 691/691/367
f 689/689/366 691/691/367 692/692/369
f 693/693/370 694/694/372 695/695/371
f 696/696/373 697/697/97 698/698/374
f 696/696/373 698/698/374 699/699/375
f 698/698/374 697/697/97 700/700/376
f 698/698/374 700/700/376 701/701/99
f 702/702/377 703/703/379 704/704/378
f 702/702/377 704/704/378 705/705/102
f 705/705/102 704/704/378 706/706/380
f 705/705/102 706/706/380 707/707/105
f 708/708/381 709/709/383 710/710/382
f 708/708/381 710/710/382 711/711/384
f 712/712/385 713/713/387 714/714/386
f 712/712/385 714/714/386 715/715/112
f 715/715/112 714/714/386 716/716/114
f 715/715/112 716/716/114 717/717/115
f 718/718/388 719/719/119 720/720/389
f 718/718/388 720/720/389 721/721/390
f 722/722/391 723/723/123 724/724/121
f 722/722/391 724/724/121 725/725/122
f 702/702/377 696/696/373 699/699/375
f 702/702/377 699/699/375 703/703/379
f 711/711/384 726/726/393 727/727/392
f 711/711/384 727/727/392 708/708/381
f 728/728/323 729/729/323 730/730/323
f 728/728/323 730/730/323 692/692/369
f 728/728/323 731/731/395 732/732/394
f 733/733/396 734/734/398 735/735/397
f 733/733/396 735/735/397 736/736/399
f 734/734/398 737/737/401 738/738/400
f 734/734/398 738/738/400 735/735/397
f 735/735/397 738/738/400 739/739/402
f 735/735/397 739/739/402 740/740/403
f 737/737/401 741/741/405 742/742/404
f 737/737/401 742/742/404 738/738/400
f 738/738/400 742/742/404 743/743/406
f 738/738/400 743/743/406 739/739/402
f 744/744/407 745/745/409 746/746/408
f 744/744/407 746/746/408 747/747/410
f 747/747/410 746/746/408 748/748/411
f 747/747/410 748/748/411 749/749/412
f 745/745/409 421/421/147 420/420/146
f 745/745/409 420/420/146 746/746/408
f 746/746/408 420/420/146 423/423/148
f 746/746/408 423/423/148 750/750/413
f 751/751/323 752/752/323 753/753/414
f 751/751/323 753/753/414 754/754/415
f 754/754/415 753/753/414 755/755/416
f 754/754/415 755/755/416 756/756/417
f 757/757/418 758/758/420 759/759/419
f 757/757/418 759/759/419 760/760/421
f 761/761/422 758/758/420 757/757/418
f 762/762/423 763/763/424 758/758/420
f 762/762/423 758/758/420 761/761/422
f 692/692/369 730/730/323 689/689/366
f 764/764/425 765/765/426 766/766/323
f 764/764/425 766/766/323 767/767/323
f 746/746/408 750/750/413 748/748/411
f 763/763/424 768/768/427 758/758/420
f 758/758/420 768/768/427 443/443/164
f 758/758/420 443/443/164 442/442/165
f 769/769/428 447/447/168 446/446/167
f 769/769/428 446/446/167 770/770/167
f 771/771/429 772/772/431 773/773/430
f 771/771/429 773/773/430 774/774/171
f 764/764/425 775/775/432 776/776/432
f 764/764/425 776/776/432 765/765/426
f 777/777/174 778/778/174 779/779/174
f 457/457/174 458/458/174 778/778/174
f 457/457/174 778/778/174 777/777/174
f 716/716/114 701/701/99 460/460/175
f 716/716/114 460/460/175 459/459/176
f 721/721/390 720/720/389 462/462/177
f 721/721/390 462/462/177 461/461/178
f 780/780/433 769/769/428 781/781/434
f 780/780/433 781/781/434 782/782/435
f 466/466/182 447/447/168 769/769/428
f 466/466/182 769/769/428 780/780/433
f 783/783/323 784/784/323 729/729/323
f 783/783/323 729/729/323 728/728/323
f 706/706/380 710/710/382 709/709/383
f 706/706/380 709/709/383 707/707/105
f 695/695/371 694/694/372 785/785/436
f 695/695/371 785/785/436 786/786/437
f 712/712/385 727/727/392 726/726/393
f 712/712/385 726/726/393 713/713/387
f 787/787/438 788/788/440 789/789/439
f 787/787/438 789/789/439 790/790/441
f 790/790/441 789/789/439 786/786/437
f 790/790/441 786/786/437 785/785/436
f 788/788/440 791/791/443 792/792/442
f 788/788/440 792/792/442 789/789/439
f 789/789/439 792/792/442 793/793/444
f 789/789/439 793/793/444 786/786/437
f 794/794/445 795/795/447 796/796/446
f 794/794/445 796/796/446 797/797/448
f 798/798/449 797/797/448 796/796/446
f 798/798/449 796/796/446 799/799/450
f 795/795/447 800/800/452 801/801/451
f 795/795/447 801/801/451 796/796/446
f 796/796/446 801/801/451 802/802/453
f 796/796/446 802/802/453 799/799/450
f 800/800/452 488/488/202 487/487/201
f 800/800/452 487/487/201 801/801/451
f 801/801/451 487/487/201 489/489/203
f 801/801/451 489/489/203 802/802/453
f 803/803/454 804/804/456 805/805/455
f 803/803/454 805/805/455 733/733/396
f 693/693/370 695/695/371 806/806/457
f 693/693/370 806/806/457 804/804/456
f 807/807/458 806/806/457 695/695/371
f 807/807/458 695/695/371 808/808/459
f 809/809/460 810/810/461 807/807/458
f 809/809/460 807/807/458 808/808/459
f 811/811/462 812/812/464 813/813/463
f 811/811/462 813/813/463 814/814/465
f 802/802/453 815/815/466 812/812/464
f 802/802/453 812/812/464 811/811/462
f 489/489/203 503/503/217 815/815/466
f 489/489/203 815/815/466 802/802/453
f 733/733/396 736/736/399 691/691/367
f 733/733/396 691/691/367 803/803/454
f 816/816/467 807/807/458 810/810/461
f 799/799/450 811/811/462 814/814/465
f 799/799/450 814/814/465 798/798/449
f 793/793/444 809/809/460 808/808/459
f 793/793/444 808/808/459 786/786/437
f 786/786/437 808/808/459 695/695/371
f 817/817/468 818/818/470 819/819/469
f 820/820/471 821/821/473 822/822/472
f 820/820/471 822/822/472 823/823/474
f 824/824/475 825/825/477 826/826/476
f 824/824/475 826/826/476 827/827/478
f 825/825/477 815/815/466 826/826/476
f 817/817/468 828/828/480 829/829/479
f 817/817/468 829/829/479 805/805/455
f 805/805/455 829/829/479 734/734/398
f 805/805/455 734/734/398 733/733/396
f 830/830/481 831/831/483 832/832/482
f 833/833/484 834/834/486 835/835/485
f 833/833/484 835/835/485 836/836/487
f 834/834/486 837/837/489 838/838/488
f 834/834/486 838/838/488 835/835/485
f 838/838/488 837/837/489 528/528/241
f 838/838/488 528/528/241 527/527/242
f 736/736/399 735/735/397 740/740/403
f 736/736/399 740/740/403 839/839/490
f 828/828/480 840/840/492 841/841/491
f 828/828/480 841/841/491 829/829/479
f 829/829/479 841/841/491 737/737/401
f 829/829/479 737/737/401 734/734/398
f 830/830/481 840/840/492 828/828/480
f 832/832/482 842/842/493 840/840/492
f 832/832/482 840/840/492 830/830/481
f 843/843/494 844/844/496 845/845/495
f 843/843/494 845/845/495 846/846/497
f 847/847/498 848/848/499 844/844/496
f 847/847/498 844/844/496 843/843/494
f 539/539/253 540/540/254 848/848/499
f 539/539/253 848/848/499 847/847/498
f 842/842/493 849/849/500 840/840/492
f 844/844/496 850/850/502 851/851/501
f 844/844/496 851/851/501 845/845/495
f 848/848/499 852/852/503 850/850/502
f 848/848/499 850/850/502 844/844/496
f 540/540/254 545/545/259 852/852/503
f 540/540/254 852/852/503 848/848/499
f 849/849/500 853/853/504 841/841/491
f 849/849/500 841/841/491 840/840/492
f 850/850/502 854/854/506 855/855/505
f 850/850/502 855/855/505 851/851/501
f 852/852/503 856/856/507 854/854/506
f 852/852/503 854/854/506 850/850/502
f 545/545/259 550/550/264 856/856/507
f 545/545/259 856/856/507 852/852/503
f 853/853/504 741/741/405 737/737/401
f 853/853/504 737/737/401 841/841/491
f 854/854/506 745/745/409 744/744/407
f 854/854/506 744/744/407 855/855/505
f 856/856/507 745/745/409 854/854/506
f 550/550/264 421/421/147 745/745/409
f 550/550/264 745/745/409 856/856/507
f 818/818/470 857/857/509 858/858/508
f 818/818/470 858/858/508 819/819/469
f 859/859/510 860/860/512 861/861/511
f 859/859/510 861/861/511 862/862/513
f 860/860/512 815/815/466 863/863/514
f 860/860/512 863/863/514 861/861/511
f 815/815/466 503/503/217 558/558/272
f 815/815/466 558/558/272 863/863/514
f 818/818/470 817/817/468 806/806/457
f 818/818/470 806/806/457 816/816/467
f 816/816/467 810/810/461 821/821/473
f 816/816/467 821/821/473 820/820/471
f 816/816/467 820/820/471 823/823/474
f 816/816/467 823/823/474 818/818/470
f 818/818/470 823/823/474 822/822/472
f 818/818/470 822/822/472 857/857/509
f 859/859/510 827/827/478 826/826/476
f 859/859/510 826/826/476 860/860/512
f 860/860/512 826/826/476 815/815/466
f 815/815/466 825/825/477 812/812/464
f 812/812/464 825/825/477 824/824/475
f 812/812/464 824/824/475 813/813/463
f 558/558/272 560/560/274 864/864/515
f 558/558/272 864/864/515 863/863/514
f 864/864/515 865/865/516 861/861/511
f 864/864/515 861/861/511 863/863/514
f 865/865/516 866/866/517 862/862/513
f 865/865/516 862/862/513 861/861/511
f 831/831/483 830/830/481 819/819/469
f 831/831/483 819/819/469 858/858/508
f 830/830/481 828/828/480 817/817/468
f 830/830/481 817/817/468 819/819/469
f 563/563/277 528/528/241 837/837/489
f 563/563/277 837/837/489 867/867/518
f 867/867/518 837/837/489 834/834/486
f 867/867/518 834/834/486 868/868/519
f 868/868/519 834/834/486 833/833/484
f 868/868/519 833/833/484 869/869/520
f 831/831/483 870/870/521 871/871/521
f 831/831/483 871/871/521 832/832/482
f 846/846/497 836/836/487 835/835/485
f 846/846/497 835/835/485 843/843/494
f 843/843/494 835/835/485 838/838/488
f 843/843/494 838/838/488 847/847/498
f 847/847/498 838/838/488 527/527/242
f 847/847/498 527/527/242 539/539/253
f 717/717/115 716/716/114 872/872/176
f 872/872/176 716/716/114 873/873/176
f 873/873/176 716/716/114 874/874/176
f 874/874/176 716/716/114 875/875/176
f 875/875/176 716/716/114 459/459/176
f 875/875/176 459/459/176 573/573/176
f 700/700/376 876/876/523 877/877/522
f 700/700/376 877/877/522 701/701/99
f 701/701/99 877/877/522 576/576/284
f 701/701/99 576/576/284 460/460/175
f 878/878/174 879/879/174 779/779/174
f 878/878/174 779/779/174 778/778/174
f 731/731/395 728/728/323 692/692/369
f 878/878/174 778/778/174 880/880/174
f 878/878/174 880/880/174 881/881/174
f 766/766/323 882/882/323 883/883/323
f 766/766/323 883/883/323 767/767/323
f 884/884/285 885/885/525 886/886/524
f 884/884/285 886/886/524 887/887/526
f 771/771/429 888/888/290 889/889/527
f 771/771/429 889/889/527 772/772/431
f 890/890/323 891/891/323 892/892/528
f 890/890/323 892/892/528 893/893/529
f 894/894/530 895/895/532 896/896/531
f 894/894/530 896/896/531 897/897/533
f 898/898/534 899/899/536 900/900/535
f 898/898/534 900/900/535 901/901/537
f 892/892/528 732/732/394 731/731/395
f 892/892/528 731/731/395 893/893/529
f 897/897/533 902/902/302 903/903/538
f 897/897/533 903/903/538 894/894/530
f 900/900/535 723/723/123 722/722/391
f 900/900/535 722/722/391 901/901/537
f 899/899/536 898/898/534 889/889/527
f 899/899/536 889/889/527 888/888/290
f 882/882/323 891/891/323 890/890/323
f 882/882/323 890/890/323 883/883/323
f 885/885/525 896/896/531 895/895/532
f 885/885/525 895/895/532 886/886/524
f 904/904/539 905/905/306 906/906/540
f 904/904/539 906/906/540 907/907/541
f 908/908/307 909/909/542 906/906/540
f 908/908/307 906/906/540 905/905/306
f 910/910/543 911/911/545 912/912/544
f 910/910/543 912/912/544 913/913/546
f 914/914/547 915/915/549 916/916/548
f 914/914/547 916/916/548 917/917/550
f 918/918/551 916/916/548 915/915/549
f 918/918/551 915/915/549 919/919/552
f 919/919/552 920/920/554 921/921/553
f 919/919/552 921/921/553 918/918/551
f 921/921/553 920/920/554 914/914/547
f 921/921/553 914/914/547 917/917/550
f 909/909/542 908/908/307 914/914/547
f 909/909/542 914/914/547 920/920/554
f 922/922/176 912/912/544 911/911/545
f 922/922/176 911/911/545 923/923/176
f 924/924/555 911/911/545 910/910/543
f 924/924/555 910/910/543 925/925/555
f 926/926/174 910/910/543 913/913/546
f 926/926/174 913/913/546 927/927/174
f 928/928/556 913/913/546 912/912/544
f 928/928/556 912/912/544 929/929/556
f 886/886/524 930/930/126 931/931/126
f 886/886/524 931/931/126 887/887/526
f 895/895/532 932/932/126 930/930/126
f 895/895/532 930/930/126 886/886/524
f 903/903/538 933/933/558 934/934/557
f 903/903/538 934/934/557 894/894/530
f 894/894/530 934/934/557 932/932/126
f 894/894/530 932/932/126 895/895/532
f 935/935/174 466/466/182 780/780/433
f 936/936/323 937/937/323 938/938/323
f 936/936/323 938/938/323 939/939/323
f 909/909/542 920/920/554 940/940/559
f 909/909/542 940/940/559 941/941/560
f 774/774/171 942/942/562 943/943/561
f 774/774/171 943/943/561 641/641/329
f 641/641/329 644/644/331 724/724/121
f 641/641/329 724/724/121 774/774/171
f 935/935/174 880/880/174 645/645/174
f 935/935/174 645/645/174 466/466/182
f 880/880/174 935/935/174 881/881/174
f 944/944/563 945/945/565 946/946/564
f 944/944/563 946/946/564 942/942/562
f 942/942/562 774/774/171 944/944/563
f 641/641/329 943/943/561 947/947/566
f 641/641/329 947/947/566 649/649/336
f 945/945/565 649/649/336 947/947/566
f 945/945/565 947/947/566 946/946/564
f 948/948/567 949/949/569 950/950/568
f 948/948/567 950/950/568 951/951/339
f 952/952/570 953/953/571 954/954/571
f 952/952/570 954/954/571 955/955/572
f 956/956/573 952/952/570 955/955/572
f 956/956/573 955/955/572 957/957/574
f 948/948/567 956/956/573 957/957/574
f 948/948/567 957/957/574 949/949/569
f 958/958/575 959/959/577 960/960/576
f 958/958/575 960/960/576 961/961/578
f 962/962/579 963/963/581 964/964/580
f 965/965/582 966/966/584 967/967/583
f 964/964/580 960/960/576 962/962/579
f 962/962/579 960/960/576 959/959/577
f 962/962/579 959/959/577 966/966/584
f 966/966/584 959/959/577 967/967/583
f 964/964/580 673/673/356 672/672/336
f 964/964/580 672/672/336 968/968/585
f 967/967/583 675/675/358 674/674/357
f 967/967/583 674/674/357 965/965/582
f 965/965/582 674/674/357 676/676/359
f 965/965/582 676/676/359 963/963/581
f 963/963/581 676/676/359 673/673/356
f 963/963/581 673/673/356 964/964/580
f 969/969/323 970/970/323 752/752/323
f 969/969/323 752/752/323 751/751/323
f 971/971/323 972/972/323 973/973/323
f 971/971/323 973/973/323 974/974/323
f 974/974/323 973/973/323 970/970/323
f 974/974/323 970/970/323 969/969/323
f 758/758/420 442/442/165 683/683/360
f 758/758/420 683/683/360 759/759/419
f 759/759/419 683/683/360 685/685/361
f 759/759/419 685/685/361 975/975/586
f 806/806/457 807/807/458 816/816/467
f 802/802/453 811/811/462 799/799/450
f 691/691/367 736/736/399 839/839/490
f 691/691/367 839/839/490 692/692/369
f 760/760/421 759/759/419 975/975/586
f 760/760/421 975/975/586 976/976/587
f 805/805/455 804/804/456 806/806/457
f 805/805/455 806/806/457 817/817/468
f 804/804/456 977/977/588 693/693/370
f 804/804/456 803/803/454 978/978/589
f 804/804/456 978/978/589 977/977/588
f 978/978/589 803/803/454 691/691/367
f 978/978/589 691/691/367 690/690/368
f 979/979/590 980/980/592 981/981/591
f 979/979/590 981/981/591 982/982/593
f 983/983/594 984/984/596 985/985/595
f 983/983/594 985/985/595 986/986/597
f 986/986/597 980/980/592 979/979/590
f 986/986/597 979/979/590 983/983/594
f 987/987/598 981/981/591 980/980/592
f 987/987/598 980/980/592 988/988/599
f 989/989/600 986/986/597 985/985/595
f 989/989/600 985/985/595 990/990/601
f 988/988/599 980/980/592 986/986/597
f 988/988/599 986/986/597 989/989/600
f 991/991/602 979/979/590 982/982/593
f 991/991/602 982/982/593 992/992/603
f 993/993/604 983/983/594 979/979/590
f 993/993/604 979/979/590 991/991/602
f 994/994/605 984/984/596 983/983/594
f 994/994/605 983/983/594 993/993/604
f 993/993/604 995/995/607 996/996/606
f 993/993/604 996/996/606 994/994/605
f 991/991/602 997/997/608 995/995/607
f 991/991/602 995/995/607 993/993/604
f 992/992/603 998/998/176 997/997/608
f 992/992/603 997/997/608 991/991/602
f 999/999/609 1000/1000/609 1001/1001/609
f 999/999/609 1001/1001/609 1002/1002/609
f 1003/1003/609 1004/1004/609 1005/1005/609
f 1003/1003/609 1005/1005/609 1006/1006/609
f 1000/1000/609 1006/1006/609 1005/1005/609
f 1000/1000/609 1005/1005/609 1001/1001/609
f 1007/1007/610 1008/1008/612 1009/1009/611
f 1008/1008/612 1007/1007/610 1010/1010/613
f 1008/1008/612 1010/1010/613 1011/1011/614
f 1012/1012/615 1013/1013/616 1009/1009/611
f 1012/1012/615 1009/1009/611 1008/1008/612
f 1014/1014/617 1015/1015/619 1016/1016/618
f 1014/1014/617 1016/1016/618 1017/1017/620
f 1018/1018/621 1019/1019/623 1020/1020/622
f 1018/1018/621 1020/1020/622 1012/1012/615
f 1019/1019/623 1018/1018/621 1021/1021/624
f 1011/1011/614 1022/1022/625 1021/1021/624
f 1011/1011/614 1021/1021/624 1018/1018/621
f 1022/1022/625 1011/1011/614 1010/1010/613
f 1018/1018/621 1012/1012/615 1008/1008/612
f 1018/1018/621 1008/1008/612 1011/1011/614
f 1015/1015/619 1020/1020/622 1023/1023/626
f 1015/1015/619 1023/1023/626 1016/1016/618
f 1014/1014/617 1012/1012/615 1020/1020/622
f 1014/1014/617 1020/1020/622 1015/1015/619
f 1017/1017/620 1024/1024/627 1012/1012/615
f 1017/1017/620 1012/1012/615 1014/1014/617
f 1016/1016/618 1023/1023/626 1025/1025/628
f 1016/1016/618 1025/1025/628 1026/1026/629
f 1013/1013/616 1012/1012/615 1024/1024/627
f 1027/1027/630 1028/1028/630 1029/1029/630
f 1027/1027/630 1029/1029/630 1030/1030/630
f 1031/1031/630 1032/1032/630 1033/1033/630
f 1031/1031/630 1033/1033/630 1034/1034/630
f 1028/1028/630 1027/1027/630 1035/1035/630
f 1036/1036/631 1037/1037/633 1038/1038/632
f 1039/1039/634 1040/1040/636 1041/1041/635
f 1039/1039/634 1041/1041/635 1042/1042/637
f 1043/1043/638 1044/1044/639 1038/1038/632
f 1043/1043/638 1038/1038/632 1037/1037/633
f 1044/1044/639 1043/1043/638 1045/1045/640
f 1046/1046/641 1047/1047/642 1045/1045/640
f 1046/1046/641 1045/1045/640 1043/1043/638
f 1047/1047/642 1046/1046/641 1048/1048/643
f 1039/1039/634 1049/1049/644 1048/1048/643
f 1039/1039/634 1048/1048/643 1046/1046/641
f 1049/1049/644 1039/1039/634 1042/1042/637
f 1037/1037/633 1050/1050/645 1043/1043/638
f 1037/1037/633 1036/1036/631 1051/1051/646
f 1037/1037/633 1051/1051/646 1050/1050/645
f 1052/1052/647 1053/1053/649 1054/1054/648
f 1052/1052/647 1054/1054/648 1055/1055/650
f 1050/1050/645 1040/1040/636 1046/1046/641
f 1050/1050/645 1046/1046/641 1043/1043/638
f 1046/1046/641 1040/1040/636 1039/1039/634
f 1034/1034/630 1056/1056/630 1035/1035/630
f 1034/1034/630 1035/1035/630 1027/1027/630
f 1056/1056/630 1034/1034/630 1033/1033/630
f 1054/1054/648 1057/1057/652 1058/1058/651
f 1054/1054/648 1058/1058/651 1059/1059/651
f 1053/1053/649 1060/1060/653 1057/1057/652
f 1053/1053/649 1057/1057/652 1054/1054/648
f 1061/1061/654 1062/1062/654 1060/1060/653
f 1061/1061/654 1060/1060/653 1053/1053/649
f 1055/1055/650 1040/1040/636 1050/1050/645
f 1055/1055/650 1050/1050/645 1052/1052/647
f 1063/1063/655 1064/1064/657 1065/1065/656
f 1066/1066/174 1065/1065/656 1067/1067/658
f 1066/1066/174 1067/1067/658 1068/1068/174
f 1069/1069/659 1070/1070/176 1071/1071/176
f 1069/1069/659 1071/1071/176 1072/1072/659
f 1073/1073/660 1074/1074/662 1075/1075/661
f 1073/1073/660 1075/1075/661 1076/1076/663
f 1077/1077/664 1078/1078/666 1079/1079/665
f 1080/1080/667 1081/1081/669 1082/1082/668
f 1080/1080/667 1083/1083/670 1081/1081/669
f 1077/1077/664 1084/1084/672 1085/1085/671
f 1080/1080/667 1086/1086/674 1087/1087/673
f 1077/1077/664 1085/1085/671 1078/1078/666
f 1080/1080/667 1082/1082/668 1088/1088/675
f 1077/1077/664 1079/1079/665 1089/1089/676
f 1067/1067/658 1065/1065/656 1064/1064/657
f 1067/1067/658 1064/1064/657 1090/1090/677
f 1076/1076/663 1091/1091/678 1073/1073/660
f 1092/1092/679 1067/1067/658 1090/1090/677
f 1075/1075/661 1074/1074/662 1093/1093/680
f 1094/1094/681 1095/1095/683 1096/1096/682
f 1094/1094/681 1096/1096/682 1097/1097/684
f 1098/1098/685 1099/1099/687 1100/1100/686
f 1098/1098/685 1100/1100/686 1101/1101/688
f 1097/1097/684 1096/1096/682 1102/1102/689
f 1097/1097/684 1102/1102/689 1103/1103/690
f 1104/1104/691 1105/1105/692 1099/1099/687
f 1104/1104/691 1099/1099/687 1098/1098/685
f 1103/1103/690 1102/1102/689 1106/1106/693
f 1103/1103/690 1106/1106/693 1107/1107/694
f 1107/1107/694 1106/1106/693 1105/1105/692
f 1107/1107/694 1105/1105/692 1104/1104/691
f 1095/1095/683 1108/1108/696 1109/1109/695
f 1095/1095/683 1109/1109/695 1096/1096/682
f 1099/1099/687 1110/1110/698 1111/1111/697
f 1099/1099/687 1111/1111/697 1100/1100/686
f 1096/1096/682 1109/1109/695 1112/1112/699
f 1096/1096/682 1112/1112/699 1102/1102/689
f 1105/1105/692 1113/1113/700 1110/1110/698
f 1105/1105/692 1110/1110/698 1099/1099/687
f 1102/1102/689 1112/1112/699 1114/1114/701
f 1102/1102/689 1114/1114/701 1106/1106/693
f 1106/1106/693 1114/1114/701 1113/1113/700
f 1106/1106/693 1113/1113/700 1105/1105/692
f 1115/1115/702 1116/1116/704 1117/1117/703
f 1118/1118/705 1119/1119/707 1120/1120/706
f 1118/1118/705 1120/1120/706 1117/1117/703
f 1121/1121/708 1118/1118/705 1117/1117/703
f 1116/1116/704 1121/1121/708 1117/1117/703
f 1120/1120/706 1122/1122/710 1123/1123/709
f 1120/1120/706 1123/1123/709 1117/1117/703
f 1119/1119/707 1118/1118/705 1124/1124/711
f 1119/1119/707 1124/1124/711 1125/1125/712
f 1121/1121/708 1126/1126/713 1124/1124/711
f 1121/1121/708 1124/1124/711 1118/1118/705
f 1116/1116/704 1127/1127/714 1126/1126/713
f 1116/1116/704 1126/1126/713 1121/1121/708
f 1128/1128/715 1129/1129/717 1130/1130/716
f 1128/1128/715 1130/1130/716 1131/1131/718
f 1132/1132/176 1133/1133/176 1134/1134/176
f 1135/1135/176 1136/1136/176 1132/1132/176
f 1135/1135/176 1132/1132/176 1134/1134/176
f 1128/1128/715 1137/1137/719 1133/1133/176
f 1128/1128/715 1133/1133/176 1132/1132/176
f 1138/1138/720 1139/1139/722 1140/1140/721
f 1138/1138/720 1140/1140/721 1141/1141/723
f 1142/1142/724 1138/1138/720 1141/1141/723
f 1142/1142/724 1141/1141/723 1143/1143/725
f 1144/1144/726 1142/1142/724 1143/1143/725
f 1144/1144/726 1143/1143/725 1145/1145/727
f 1146/1146/728 1119/1119/707 1125/1125/712
f 1146/1146/728 1125/1125/712 1147/1147/729
f 1120/1120/706 1119/1119/707 1146/1146/728
f 1120/1120/706 1146/1146/728 1148/1148/730
f 1131/1131/718 1130/1130/716 1149/1149/731
f 1131/1131/718 1149/1149/731 1150/1150/732
f 1151/1151/733 1152/1152/735 1153/1153/734
f 1151/1151/733 1153/1153/734 1154/1154/736
f 1155/1155/737 1156/1156/739 1157/1157/738
f 1155/1155/737 1157/1157/738 1158/1158/740
f 1154/1154/736 1153/1153/734 1157/1157/738
f 1154/1154/736 1157/1157/738 1156/1156/739
f 1073/1073/660 1069/1069/659 1072/1072/659
f 1073/1073/660 1072/1072/659 1074/1074/662
f 1077/1077/664 1159/1159/741 1084/1084/672
f 1080/1080/667 1088/1088/675 1086/1086/674
f 1131/1131/718 1137/1137/719 1128/1128/715
f 1108/1108/696 1160/1160/126 1109/1109/695
f 1110/1110/698 1161/1161/126 1111/1111/697
f 1162/1162/126 1163/1163/126 1164/1164/126
f 1165/1165/126 1166/1166/126 1167/1167/126
f 1168/1168/126 1160/1160/126 1169/1169/126
f 1169/1169/126 1160/1160/126 1170/1170/126
f 1148/1148/730 1171/1171/742 1122/1122/710
f 1148/1148/730 1122/1122/710 1120/1120/706
f 1146/1146/728 1147/1147/729 1171/1171/742
f 1146/1146/728 1171/1171/742 1148/1148/730
f 1115/1115/702 1172/1172/217 1127/1127/714
f 1115/1115/702 1127/1127/714 1116/1116/704
f 1173/1173/743 1174/1174/745 1175/1175/744
f 1173/1173/743 1175/1175/744 1176/1176/746
f 1177/1177/747 1178/1178/749 1179/1179/748
f 1177/1177/747 1179/1179/748 1180/1180/750
f 1178/1178/749 1177/1177/747 1173/1173/743
f 1178/1178/749 1173/1173/743 1176/1176/746
f 1181/1181/751 1182/1182/752 1176/1176/746
f 1181/1181/751 1176/1176/746 1175/1175/744
f 1183/1183/753 1184/1184/754 1179/1179/748
f 1183/1183/753 1179/1179/748 1178/1178/749
f 1182/1182/752 1183/1183/753 1178/1178/749
f 1182/1182/752 1178/1178/749 1176/1176/746
f 1185/1185/755 1186/1186/756 1174/1174/745
f 1185/1185/755 1174/1174/745 1173/1173/743
f 1187/1187/757 1185/1185/755 1173/1173/743
f 1187/1187/757 1173/1173/743 1177/1177/747
f 1188/1188/758 1187/1187/757 1177/1177/747
f 1188/1188/758 1177/1177/747 1180/1180/750
f 1187/1187/757 1188/1188/758 1189/1189/759
f 1187/1187/757 1189/1189/759 1190/1190/760
f 1185/1185/755 1187/1187/757 1190/1190/760
f 1185/1185/755 1190/1190/760 1191/1191/761
f 1186/1186/756 1185/1185/755 1191/1191/761
f 1186/1186/756 1191/1191/761 1192/1192/176
f 1193/1193/762 1194/1194/762 1195/1195/762
f 1193/1193/762 1195/1195/762 1196/1196/762
f 1197/1197/762 1198/1198/762 1199/1199/762
f 1197/1197/762 1199/1199/762 1200/1200/762
f 1196/1196/762 1195/1195/762 1199/1199/762
f 1196/1196/762 1199/1199/762 1198/1198/762
f 1201/1201/763 1202/1202/765 1203/1203/764
f 1203/1203/764 1204/1204/767 1205/1205/766
f 1203/1203/764 1205/1205/766 1201/1201/763
f 1206/1206/768 1203/1203/764 1202/1202/765
f 1206/1206/768 1202/1202/765 1207/1207/769
f 1208/1208/770 1209/1209/772 1210/1210/771
f 1208/1208/770 1210/1210/771 1211/1211/773
f 1212/1212/774 1206/1206/768 1213/1213/775
f 1212/1212/774 1213/1213/775 1214/1214/776
f 1214/1214/776 1215/1215/777 1212/1212/774
f 1204/1204/767 1212/1212/774 1215/1215/777
f 1204/1204/767 1215/1215/777 1216/1216/778
f 1216/1216/778 1205/1205/766 1204/1204/767
f 1212/1212/774 1204/1204/767 1203/1203/764
f 1212/1212/774 1203/1203/764 1206/1206/768
f 1211/1211/773 1210/1210/771 1217/1217/779
f 1211/1211/773 1217/1217/779 1213/1213/775
f 1208/1208/770 1211/1211/773 1213/1213/775
f 1208/1208/770 1213/1213/775 1206/1206/768
f 1209/1209/772 1208/1208/770 1206/1206/768
f 1209/1209/772 1206/1206/768 1218/1218/780
f 1210/1210/771 1219/1219/782 1220/1220/781
f 1210/1210/771 1220/1220/781 1217/1217/779
f 1207/1207/769 1218/1218/780 1206/1206/768
f 1221/1221/783 1222/1222/783 1223/1223/783
f 1221/1221/783 1223/1223/783 1224/1224/783
f 1225/1225/783 1226/1226/783 1227/1227/783
f 1225/1225/783 1227/1227/783 1228/1228/783
f 1224/1224/783 1229/1229/783 1221/1221/783
f 1230/1230/784 1231/1231/786 1232/1232/785
f 1233/1233/787 1234/1234/789 1235/1235/788
f 1233/1233/787 1235/1235/788 1236/1236/790
f 1237/1237/791 1232/1232/785 1231/1231/786
f 1237/1237/791 1231/1231/786 1238/1238/792
f 1238/1238/792 1239/1239/793 1237/1237/791
f 1240/1240/794 1237/1237/791 1239/1239/793
f 1240/1240/794 1239/1239/793 1241/1241/795
f 1241/1241/795 1242/1242/796 1240/1240/794
f 1233/1233/787 1240/1240/794 1242/1242/796
f 1233/1233/787 1242/1242/796 1243/1243/797
f 1243/1243/797 1234/1234/789 1233/1233/787
f 1232/1232/785 1237/1237/791 1244/1244/798
f 1232/1232/785 1244/1244/798 1245/1245/799
f 1232/1232/785 1245/1245/799 1230/1230/784
f 1246/1246/800 1247/1247/802 1248/1248/801
f 1246/1246/800 1248/1248/801 1249/1249/803
f 1244/1244/798 1237/1237/791 1240/1240/794
f 1244/1244/798 1240/1240/794 1236/1236/790
f 1240/1240/794 1233/1233/787 1236/1236/790
f 1226/1226/783 1221/1221/783 1229/1229/783
f 1226/1226/783 1229/1229/783 1250/1250/783
f 1250/1250/783 1227/1227/783 1226/1226/783
f 1248/1248/801 1251/1251/805 1252/1252/804
f 1248/1248/801 1252/1252/804 1253/1253/806
f 1249/1249/803 1248/1248/801 1253/1253/806
f 1249/1249/803 1253/1253/806 1254/1254/807
f 1255/1255/808 1249/1249/803 1254/1254/807
f 1255/1255/808 1254/1254/807 1256/1256/808
f 1247/1247/802 1246/1246/800 1244/1244/798
f 1247/1247/802 1244/1244/798 1236/1236/790
f 1257/1257/809 1258/1258/811 1259/1259/810
f 1066/1066/174 1068/1068/174 1260/1260/812
f 1066/1066/174 1260/1260/812 1258/1258/811
f 1261/1261/813 1262/1262/813 1071/1071/176
f 1261/1261/813 1071/1071/176 1070/1070/176
f 1263/1263/814 1264/1264/816 1265/1265/815
f 1263/1263/814 1265/1265/815 1266/1266/817
f 1077/1077/664 1267/1267/819 1268/1268/818
f 1080/1080/667 1269/1269/821 1270/1270/820
f 1080/1080/667 1270/1270/820 1083/1083/670
f 1077/1077/664 1271/1271/823 1272/1272/822
f 1080/1080/667 1087/1087/673 1273/1273/824
f 1077/1077/664 1268/1268/818 1271/1271/823
f 1080/1080/667 1274/1274/825 1269/1269/821
f 1077/1077/664 1089/1089/676 1267/1267/819
f 1260/1260/812 1275/1275/826 1259/1259/810
f 1260/1260/812 1259/1259/810 1258/1258/811
f 1264/1264/816 1263/1263/814 1276/1276/827
f 1277/1277/828 1275/1275/826 1260/1260/812
f 1265/1265/815 1278/1278/829 1266/1266/817
f 1279/1279/830 1280/1280/832 1281/1281/831
f 1279/1279/830 1281/1281/831 1282/1282/833
f 1283/1283/834 1284/1284/836 1285/1285/835
f 1283/1283/834 1285/1285/835 1286/1286/837
f 1280/1280/832 1287/1287/839 1288/1288/838
f 1280/1280/832 1288/1288/838 1281/1281/831
f 1289/1289/840 1283/1283/834 1286/1286/837
f 1289/1289/840 1286/1286/837 1290/1290/841
f 1287/1287/839 1291/1291/843 1292/1292/842
f 1287/1287/839 1292/1292/842 1288/1288/838
f 1291/1291/843 1289/1289/840 1290/1290/841
f 1291/1291/843 1290/1290/841 1292/1292/842
f 1282/1282/833 1281/1281/831 1293/1293/844
f 1282/1282/833 1293/1293/844 1294/1294/845
f 1286/1286/837 1285/1285/835 1295/1295/846
f 1286/1286/837 1295/1295/846 1296/1296/847
f 1281/1281/831 1288/1288/838 1297/1297/699
f 1281/1281/831 1297/1297/699 1293/1293/844
f 1290/1290/841 1286/1286/837 1296/1296/847
f 1290/1290/841 1296/1296/847 1298/1298/700
f 1288/1288/838 1292/1292/842 1299/1299/701
f 1288/1288/838 1299/1299/701 1297/1297/699
f 1292/1292/842 1290/1290/841 1298/1298/700
f 1292/1292/842 1298/1298/700 1299/1299/701
f 1115/1115/702 1117/1117/703 1300/1300/848
f 1301/1301/849 1117/1117/703 1302/1302/850
f 1301/1301/849 1302/1302/850 1303/1303/851
f 1304/1304/852 1117/1117/703 1301/1301/849
f 1300/1300/848 1117/1117/703 1304/1304/852
f 1302/1302/850 1117/1117/703 1305/1305/853
f 1302/1302/850 1305/1305/853 1306/1306/854
f 1303/1303/851 1307/1307/856 1308/1308/855
f 1303/1303/851 1308/1308/855 1301/1301/849
f 1304/1304/852 1301/1301/849 1308/1308/855
f 1304/1304/852 1308/1308/855 1309/1309/857
f 1300/1300/848 1304/1304/852 1309/1309/857
f 1300/1300/848 1309/1309/857 1310/1310/858
f 1311/1311/859 1312/1312/861 1313/1313/860
f 1311/1311/859 1313/1313/860 1314/1314/862
f 1315/1315/176 1316/1316/176 1317/1317/176
f 1135/1135/176 1316/1316/176 1315/1315/176
f 1135/1135/176 1315/1315/176 1136/1136/176
f 1311/1311/859 1315/1315/176 1317/1317/176
f 1311/1311/859 1317/1317/176 1318/1318/863
f 1319/1319/864 1320/1320/866 1321/1321/865
f 1319/1319/864 1321/1321/865 1322/1322/867
f 1323/1323/868 1324/1324/869 1320/1320/866
f 1323/1323/868 1320/1320/866 1319/1319/864
f 1144/1144/726 1145/1145/727 1324/1324/869
f 1144/1144/726 1324/1324/869 1323/1323/868
f 1325/1325/870 1326/1326/871 1307/1307/856
f 1325/1325/870 1307/1307/856 1303/1303/851
f 1302/1302/850 1327/1327/872 1325/1325/870
f 1302/1302/850 1325/1325/870 1303/1303/851
f 1312/1312/861 1328/1328/874 1329/1329/873
f 1312/1312/861 1329/1329/873 1313/1313/860
f 1151/1151/733 1330/1330/876 1331/1331/875
f 1151/1151/733 1331/1331/875 1152/1152/735
f 1155/1155/737 1158/1158/740 1332/1332/877
f 1155/1155/737 1332/1332/877 1333/1333/878
f 1330/1330/876 1333/1333/878 1332/1332/877
f 1330/1330/876 1332/1332/877 1331/1331/875
f 1263/1263/814 1266/1266/817 1262/1262/813
f 1263/1263/814 1262/1262/813 1261/1261/813
f 1077/1077/664 1272/1272/822 1159/1159/741
f 1080/1080/667 1273/1273/824 1274/1274/825
f 1312/1312/861 1311/1311/859 1318/1318/863
f 1294/1294/845 1293/1293/844 1334/1334/323
f 1296/1296/847 1295/1295/846 1335/1335/323
f 1336/1336/323 1337/1337/323 1338/1338/323
f 1339/1339/323 1340/1340/323 1341/1341/323
f 1342/1342/323 1343/1343/323 1344/1344/323
f 1345/1345/323 1346/1346/323 1347/1347/323
f 1327/1327/872 1302/1302/850 1306/1306/854
f 1327/1327/872 1306/1306/854 1348/1348/879
f 1325/1325/870 1327/1327/872 1348/1348/879
f 1325/1325/870 1348/1348/879 1326/1326/871
f 1115/1115/702 1300/1300/848 1310/1310/858
f 1115/1115/702 1310/1310/858 1172/1172/217
f 1349/1349/880 1350/1350/881 1351/1351/880
f 1352/1352/881 1353/1353/881 1354/1354/881
f 1352/1352/881 1354/1354/881 1355/1355/881
f 1351/1351/880 1356/1356/880 1357/1357/880
f 1351/1351/880 1357/1357/880 1349/1349/880
f 1358/1358/882 1359/1359/884 1360/1360/883
f 1358/1358/882 1360/1360/883 1361/1361/885
f 1362/1362/886 1363/1363/888 1364/1364/887
f 1362/1362/886 1364/1364/887 1365/1365/889
f 1366/1366/890 1367/1367/892 1368/1368/891
f 1366/1366/890 1368/1368/891 1369/1369/893
f 1370/1370/894 1371/1371/896 1372/1372/895
f 1370/1370/894 1372/1372/895 1373/1373/897
f 1371/1371/896 1374/1374/899 1375/1375/898
f 1371/1371/896 1375/1375/898 1372/1372/895
f 1367/1367/892 1370/1370/894 1373/1373/897
f 1367/1367/892 1373/1373/897 1368/1368/891
f 1359/1359/884 1366/1366/890 1369/1369/893
f 1359/1359/884 1369/1369/893 1360/1360/883
f 1362/1362/886 1358/1358/882 1361/1361/885
f 1362/1362/886 1361/1361/885 1363/1363/888
f 1362/1362/886 1366/1366/890 1359/1359/884
f 1362/1362/886 1359/1359/884 1358/1358/882
f 1374/1374/899 1367/1367/892 1376/1376/900
f 1374/1374/899 1376/1376/900 1377/1377/901
f 1371/1371/896 1370/1370/894 1367/1367/892
f 1371/1371/896 1367/1367/892 1374/1374/899
f 1374/1374/899 1377/1377/901 1378/1378/887
f 1374/1374/899 1378/1378/887 1375/1375/898
f 1365/1365/889 1379/1379/902 1366/1366/890
f 1365/1365/889 1366/1366/890 1362/1362/886
f 1376/1376/900 1367/1367/892 1366/1366/890
f 1376/1376/900 1366/1366/890 1379/1379/902
f 1350/1350/881 1349/1349/880 1352/1352/881
f 1350/1350/881 1352/1352/881 1380/1380/880
f 1352/1352/881 1355/1355/881 1380/1380/880
f 1381/1381/903 1382/1382/905 1383/1383/904
f 1381/1381/903 1383/1383/904 1384/1384/906
f 1385/1385/907 1386/1386/908 1382/1382/905
f 1385/1385/907 1382/1382/905 1381/1381/903
f 1387/1387/909 1388/1388/911 1389/1389/910
f 1390/1390/912 1391/1391/914 1392/1392/913
f 1390/1390/912 1383/1383/904 1382/1382/905
f 1382/1382/905 1386/1386/908 1391/1391/914
f 1390/1390/912 1382/1382/905 1391/1391/914
f 1388/1388/911 1385/1385/907 1381/1381/903
f 1381/1381/903 1384/1384/906 1389/1389/910
f 1388/1388/911 1381/1381/903 1389/1389/910
f 1470/1470/176 1471/1471/176 1472/1472/176
f 1470/1470/176 1472/1472/176 1473/1473/176
f 1478/1478/323 1479/1479/323 1480/1480/323
f 1478/1478/323 1480/1480/323 1481/1481/323
f 1482/1482/174 1483/1483/174 1484/1484/174
f 1482/1482/174 1484/1484/174 1485/1485/174
f 1486/1486/701 1487/1487/986 1488/1488/701
f 1486/1486/701 1488/1488/701 1489/1489/701
f 1486/1486/701 1489/1489/701 1490/1490/701
f 1486/1486/701 1490/1490/701 1491/1491/701
f 1486/1486/701 1491/1491/701 1492/1492/701
f 1486/1486/701 1492/1492/701 1493/1493/701
f 1486/1486/701 1493/1493/701 1494/1494/701
f 1486/1486/701 1494/1494/701 1495/1495/701
f 1486/1486/701 1495/1495/701 1496/1496/701
f 1486/1486/701 1496/1496/701 1497/1497/701
f 1486/1486/701 1497/1497/701 1498/1498/701
f 1486/1486/701 1498/1498/701 1499/1499/701
f 1486/1486/701 1499/1499/701 1500/1500/701
f 1486/1486/701 1500/1500/701 1501/1501/701
f 1502/1502/987 1503/1503/987 1504/1504/987
f 1502/1502/987 1504/1504/987 1505/1505/987
f 1506/1506/988 1507/1507/988 1508/1508/988
f 1506/1506/988 1508/1508/988 1509/1509/988
f 1510/1510/989 1511/1511/989 1512/1512/989
f 1510/1510/989 1512/1512/989 1513/1513/989
f 1514/1514/990 1515/1515/990 1516/1516/990
f 1514/1514/990 1516/1516/990 1517/1517/990
f 1518/1518/991 1519/1519/991 1520/1520/991
f 1518/1518/991 1520/1520/991 1521/1521/991
f 1522/1522/992 1523/1523/992 1524/1524/992
f 1522/1522/992 1524/1524/992 1525/1525/992
f 1526/1526/993 1527/1527/993 1528/1528/993
f 1526/1526/993 1528/1528/993 1529/1529/993
f 1530/1530/994 1531/1531/994 1532/1532/994
f 1530/1530/994 1532/1532/994 1533/1533/994
f 1534/1534/995 1535/1535/995 1536/1536/995
f 1534/1534/995 1536/1536/995 1537/1537/995
f 1538/1538/996 1539/1539/997 1540/1540/996
f 1538/1538/996 1540/1540/996 1541/1541/996
f 1542/1542/998 1543/1543/998 1544/1544/998
f 1542/1542/998 1544/1544/998 1545/1545/998
f 1546/1546/999 1547/1547/999 1548/1548/999
f 1546/1546/999 1548/1548/999 1549/1549/999
f 1550/1550/126 1551/1551/126 1552/1552/126
f 1550/1550/126 1552/1552/126 1553/1553/126
f 1474/1474/701 1475/1475/701 1476/1476/701
f 1474/1474/701 1476/1476/701 1477/1477/701
f 1554/1554/217 1555/1555/217 1556/1556/217
f 1554/1554/217 1556/1556/217 1557/1557/217
o rueda_atras_izq
v -1.144078 0.623574 1.357549
v -0.923239 0.623574 1.357549
v -0.923239 0.466210 1.329801
v -1.144078 0.466210 1.329801
v -1.144078 0.761958 1.437445
v -0.923239 0.761958 1.437445
v -1.144078 0.864670 1.559852
v -0.923239 0.864670 1.559852
v -1.144078 0.919321 1.710007
v -0.923239 0.919321 1.710007
v -1.144077 0.919321 1.869799
v -0.923239 0.919321 1.869798
v -1.144077 0.864670 2.019954
v -0.923238 0.864670 2.019954
v -0.923239 0.919321 1.869798
v -1.144077 0.919321 1.869799
v -1.144077 0.761958 2.142361
v -0.923238 0.761958 2.142361
v -1.144077 0.623574 2.222257
v -0.923238 0.623574 2.222257
v -1.144077 0.466210 2.250004
v -0.923238 0.466210 2.250004
v -1.144077 0.308846 2.222257
v -0.923238 0.308846 2.222257
v -1.144077 0.170463 2.142361
v -0.923239 0.170463 2.142361
v -1.144077 0.067751 2.019954
v -0.923239 0.067751 2.019954
v -1.144078 0.013099 1.869799
v -0.923239 0.013099 1.869799
v -1.144078 0.013099 1.710008
v -0.923239 0.013099 1.710008
v -1.144078 0.067750 1.559852
v -0.923239 0.067750 1.559852
v -1.144078 0.170462 1.437445
v -0.923239 0.170462 1.437445
v -1.144078 0.308846 1.357549
v -0.923239 0.308846 1.357549
v -1.182080 0.552761 1.552108
v -1.182080 0.610376 1.393810
v -1.182080 0.466210 1.368390
v -1.182080 0.466210 1.536846
v -1.182080 0.628872 1.596051
v -1.182080 0.737153 1.467005
v -1.182080 0.685363 1.663375
v -1.182080 0.831251 1.579146
v -1.182080 0.715422 1.745960
v -1.182080 0.881319 1.716708
v -1.182080 0.715422 1.833846
v -1.182080 0.881319 1.863098
v -1.182080 0.685363 1.916431
v -1.182080 0.831251 2.000660
v -1.182080 0.628872 1.983755
v -1.182080 0.737153 2.112800
v -1.182080 0.552761 2.027699
v -1.182080 0.610376 2.185995
v -1.182080 0.466210 2.042959
v -1.182080 0.466210 2.211416
v -1.182080 0.379660 2.027699
v -1.182080 0.322044 2.185995
v -1.182080 0.303549 1.983755
v -1.182080 0.195267 2.112800
v -1.182080 0.247057 1.916431
v -1.182080 0.101169 2.000660
v -1.182080 0.216998 1.833846
v -1.182080 0.051101 1.863098
v -1.182080 0.216998 1.745960
v -1.182080 0.051101 1.716708
v -1.182080 0.247057 1.663375
v -1.182080 0.101169 1.579147
v -1.182080 0.303548 1.596051
v -1.182080 0.195267 1.467006
v -1.182080 0.379659 1.552108
v -1.182080 0.322044 1.393810
v -1.182080 0.466210 1.536846
v -1.050790 0.501971 1.587090
v -1.182080 0.552761 1.552108
v -1.050790 0.623970 1.657526
v -1.182080 0.628872 1.596051
v -1.182080 0.685363 1.663375
v -1.050790 0.672151 1.789903
v -1.182080 0.715422 1.745960
v -1.182080 0.715422 1.833846
v -1.050789 0.623970 1.922279
v -1.182080 0.685363 1.916431
v -1.182080 0.628872 1.983755
v -1.050790 0.501971 1.992715
v -1.182080 0.552761 2.027699
v -1.182080 0.466210 2.042959
v -1.050790 0.363240 1.968253
v -1.182080 0.379660 2.027699
v -1.182080 0.303549 1.983755
v -1.050790 0.272689 1.860339
v -1.182080 0.247057 1.916431
v -1.182080 0.216998 1.833846
v -1.050790 0.272689 1.719467
v -1.182080 0.216998 1.745960
v -1.182080 0.247057 1.663375
v -1.050790 0.363239 1.611552
v -1.182080 0.303548 1.596051
v -1.182080 0.379659 1.552108
v -0.885237 0.610376 1.393810
v -0.885236 0.466210 1.789903
v -0.885237 0.466210 1.368390
v -0.885237 0.322044 1.393810
v -0.885237 0.195267 1.467005
v -0.885237 0.101169 1.579146
v -0.885236 0.051101 1.716708
v -0.885236 0.051101 1.863098
v -0.885236 0.101169 2.000660
v -0.885236 0.195267 2.112800
v -0.885236 0.322044 2.185995
v -0.885236 0.466210 2.211416
v -0.885236 0.610376 2.185995
v -0.885236 0.737153 2.112800
v -0.885236 0.831251 2.000659
v -0.885236 0.881319 1.863098
v -0.885236 0.881319 1.716708
v -0.885236 0.831251 1.579146
v -0.885236 0.737153 1.467005
v -1.050790 0.501971 1.587090
v -1.050790 0.466210 1.789903
v -1.050790 0.623970 1.657526
v -1.050790 0.672151 1.789903
v -1.050789 0.623970 1.922279
v -1.050790 0.501971 1.992715
v -1.050790 0.363240 1.968253
v -1.050790 0.272689 1.860339
v -1.050790 0.272689 1.719467
v -1.050790 0.363239 1.611552
v -0.923239 0.466210 1.329801
v -0.923239 0.623574 1.357549
v -0.885237 0.610376 1.393810
v -0.885237 0.466210 1.368390
v -1.144078 0.623574 1.357549
v -1.144078 0.466210 1.329801
v -1.182080 0.466210 1.368390
v -1.182080 0.610376 1.393810
v -0.923239 0.761958 1.437445
v -0.885236 0.737153 1.467005
v -1.144078 0.761958 1.437445
v -1.182080 0.737153 1.467005
v -0.923239 0.864670 1.559852
v -0.885236 0.831251 1.579146
v -1.144078 0.864670 1.559852
v -1.182080 0.831251 1.579146
v -0.923239 0.919321 1.710007
v -0.885236 0.881319 1.716708
v -1.144078 0.919321 1.710007
v -1.182080 0.881319 1.716708
v -0.923239 0.919321 1.869798
v -0.885236 0.881319 1.863098
v -1.144077 0.919321 1.869799
v -1.182080 0.881319 1.863098
v -0.923239 0.919321 1.869798
v -0.923238 0.864670 2.019954
v -0.885236 0.831251 2.000659
v -0.885236 0.881319 1.863098
v -1.144077 0.864670 2.019954
v -1.144077 0.919321 1.869799
v -1.182080 0.881319 1.863098
v -1.182080 0.831251 2.000660
v -0.923238 0.761958 2.142361
v -0.885236 0.737153 2.112800
v -1.144077 0.761958 2.142361
v -1.182080 0.737153 2.112800
v -0.923238 0.623574 2.222257
v -0.885236 0.610376 2.185995
v -1.144077 0.623574 2.222257
v -1.182080 0.610376 2.185995
v -0.923238 0.466210 2.250004
v -0.885236 0.466210 2.211416
v -1.144077 0.466210 2.250004
v -1.182080 0.466210 2.211416
v -0.923238 0.308846 2.222257
v -0.885236 0.322044 2.185995
v -1.144077 0.308846 2.222257
v -1.182080 0.322044 2.185995
v -0.923239 0.170463 2.142361
v -0.885236 0.195267 2.112800
v -1.144077 0.170463 2.142361
v -1.182080 0.195267 2.112800
v -0.923239 0.067751 2.019954
v -0.885236 0.101169 2.000660
v -1.144077 0.067751 2.019954
v -1.182080 0.101169 2.000660
v -0.923239 0.013099 1.869799
v -0.885236 0.051101 1.863098
v -1.144078 0.013099 1.869799
v -1.182080 0.051101 1.863098
v -0.923239 0.013099 1.710008
v -0.885236 0.051101 1.716708
v -1.144078 0.013099 1.710008
v -1.182080 0.051101 1.716708
v -0.923239 0.067750 1.559852
v -0.885237 0.101169 1.579146
v -1.144078 0.067750 1.559852
v -1.182080 0.101169 1.579147
v -0.923239 0.170462 1.437445
v -0.885237 0.195267 1.467005
v -1.144078 0.170462 1.437445
v -1.182080 0.195267 1.467006
v -0.923239 0.308846 1.357549
v -0.885237 0.322044 1.393810
v -1.144078 0.308846 1.357549
v -1.182080 0.322044 1.393810
v -0.816090 0.623574 1.357549
v -0.595251 0.623574 1.357549
v -0.595251 0.466210 1.329801
v -0.816090 0.466210 1.329801
v -0.816090 0.761958 1.437445
v -0.595251 0.761957 1.437445
v -0.816089 0.864670 1.559852
v -0.595251 0.864669 1.559852
v -0.816089 0.919321 1.710007
v -0.595251 0.919321 1.710007
v -0.816089 0.919321 1.869798
v -0.595250 0.919321 1.869798
v -0.816089 0.864670 2.019954
v -0.595250 0.864670 2.019954
v -0.595250 0.919321 1.869798
v -0.816089 0.919321 1.869798
v -0.816089 0.761958 2.142361
v -0.595250 0.761957 2.142361
v -0.816089 0.623574 2.222257
v -0.595250 0.623574 2.222257
v -0.816089 0.466210 2.250004
v -0.595250 0.466210 2.250004
v -0.816089 0.308846 2.222257
v -0.595250 0.308846 2.222257
v -0.816089 0.170463 2.142361
v -0.595250 0.170463 2.142361
v -0.816089 0.067751 2.019954
v -0.595250 0.067751 2.019954
v -0.816089 0.013099 1.869799
v -0.595251 0.013099 1.869799
v -0.816089 0.013099 1.710008
v -0.595251 0.013099 1.710007
v -0.816090 0.067750 1.559852
v -0.595251 0.067750 1.559852
v -0.816090 0.170462 1.437445
v -0.595251 0.170462 1.437445
v -0.816090 0.308846 1.357549
v -0.595251 0.308846 1.357549
v -0.854092 0.466210 1.368390
v -0.854092 0.466210 1.789903
v -0.854092 0.610376 1.393810
v -0.854092 0.737153 1.467005
v -0.854092 0.831251 1.579146
v -0.854092 0.881319 1.716708
v -0.854092 0.881319 1.863098
v -0.854092 0.831251 2.000660
v -0.854092 0.737153 2.112800
v -0.854091 0.610376 2.185995
v -0.854091 0.466210 2.211416
v -0.854092 0.322044 2.185995
v -0.854092 0.195267 2.112800
v -0.854092 0.101169 2.000660
v -0.854092 0.051101 1.863098
v -0.854092 0.051101 1.716708
v -0.854092 0.101169 1.579146
v -0.854092 0.195267 1.467006
v -0.854092 0.322044 1.393810
v -0.557248 0.610376 1.393810
v -0.557248 0.466210 1.789902
v -0.557248 0.466210 1.368390
v -0.557248 0.322044 1.393810
v -0.557248 0.195267 1.467005
v -0.557248 0.101169 1.579146
v -0.557248 0.051101 1.716708
v -0.557248 0.051101 1.863098
v -0.557248 0.101169 2.000660
v -0.557248 0.195267 2.112800
v -0.557248 0.322044 2.185995
v -0.557248 0.466210 2.211416
v -0.557248 0.610376 2.185995
v -0.557248 0.737153 2.112800
v -0.557248 0.831251 2.000659
v -0.557248 0.881319 1.863098
v -0.557248 0.881319 1.716708
v -0.557248 0.831251 1.579146
v -0.557248 0.737153 1.467005
v -0.595251 0.466210 1.329801
v -0.595251 0.623574 1.357549
v -0.557248 0.610376 1.393810
v -0.557248 0.466210 1.368390
v -0.816090 0.623574 1.357549
v -0.816090 0.466210 1.329801
v -0.854092 0.466210 1.368390
v -0.854092 0.610376 1.393810
v -0.595251 0.761957 1.437445
v -0.557248 0.737153 1.467005
v -0.816090 0.761958 1.437445
v -0.854092 0.737153 1.467005
v -0.595251 0.864669 1.559852
v -0.557248 0.831251 1.579146
v -0.816089 0.864670 1.559852
v -0.854092 0.831251 1.579146
v -0.595251 0.919321 1.710007
v -0.557248 0.881319 1.716708
v -0.816089 0.919321 1.710007
v -0.854092 0.881319 1.716708
v -0.595250 0.919321 1.869798
v -0.557248 0.881319 1.863098
v -0.816089 0.919321 1.869798
v -0.854092 0.881319 1.863098
v -0.595250 0.919321 1.869798
v -0.595250 0.864670 2.019954
v -0.557248 0.831251 2.000659
v -0.557248 0.881319 1.863098
v -0.816089 0.864670 2.019954
v -0.816089 0.919321 1.869798
v -0.854092 0.881319 1.863098
v -0.854092 0.831251 2.000660
v -0.595250 0.761957 2.142361
v -0.557248 0.737153 2.112800
v -0.816089 0.761958 2.142361
v -0.854092 0.737153 2.112800
v -0.595250 0.623574 2.222257
v -0.557248 0.610376 2.185995
v -0.816089 0.623574 2.222257
v -0.854091 0.610376 2.185995
v -0.595250 0.466210 2.250004
v -0.557248 0.466210 2.211416
v -0.816089 0.466210 2.250004
v -0.854091 0.466210 2.211416
v -0.595250 0.308846 2.222257
v -0.557248 0.322044 2.185995
v -0.816089 0.308846 2.222257
v -0.854092 0.322044 2.185995
v -0.595250 0.170463 2.142361
v -0.557248 0.195267 2.112800
v -0.816089 0.170463 2.142361
v -0.854092 0.195267 2.112800
v -0.595250 0.067751 2.019954
v -0.557248 0.101169 2.000660
v -0.816089 0.067751 2.019954
v -0.854092 0.101169 2.000660
v -0.595251 0.013099 1.869799
v -0.557248 0.051101 1.863098
v -0.816089 0.013099 1.869799
v -0.854092 0.051101 1.863098
v -0.595251 0.013099 1.710007
v -0.557248 0.051101 1.716708
v -0.816089 0.013099 1.710008
v -0.854092 0.051101 1.716708
v -0.595251 0.067750 1.559852
v -0.557248 0.101169 1.579146
v -0.816090 0.067750 1.559852
v -0.854092 0.101169 1.579146
v -0.595251 0.170462 1.437445
v -0.557248 0.195267 1.467005
v -0.816090 0.170462 1.437445
v -0.854092 0.195267 1.467006
v -0.595251 0.308846 1.357549
v -0.557248 0.322044 1.393810
v -0.816090 0.308846 1.357549
v -0.854092 0.322044 1.393810
vn -0.0000 0.3420 -0.9397
vn -0.0000 -0.0000 -1.0000
vn -0.0000 0.6428 -0.7660
vn -0.0000 0.8660 -0.5000
vn -0.0000 0.9848 -0.1736
vn -0.0000 1.0000 -0.0000
vn -0.0000 0.8660 0.5000
vn -0.0000 0.9397 0.3420
vn -0.0000 0.6428 0.7660
vn -0.0000 0.3420 0.9397
vn -0.0000 -0.0000 1.0000
vn -0.0000 -0.3420 0.9397
vn -0.0000 -0.6428 0.7660
vn -0.0000 -0.8660 0.5000
vn -0.0000 -0.9848 0.1736
vn -0.0000 -0.9848 -0.1736
vn -0.0000 -0.8660 -0.5000
vn -0.0000 -0.6428 -0.7660
vn -0.0000 -0.3420 -0.9397
vn -1.0000 -0.0000 -0.0000
vn -0.3631 0.0243 0.9314
vn -0.3631 -0.3414 0.8670
vn -0.3931 -0.1597 0.9055
vn -0.3931 -0.7044 0.5910
vn -0.3631 -0.5801 0.7291
vn -0.3631 -0.8188 0.4447
vn -0.3931 -0.9195 -0.0000
vn -0.3631 -0.9131 0.1856
vn -0.3631 -0.9131 -0.1856
vn -0.3931 -0.7044 -0.5910
vn -0.3631 -0.8188 -0.4447
vn -0.3631 -0.5801 -0.7291
vn -0.3931 -0.1597 -0.9055
vn -0.3631 -0.3414 -0.8670
vn -0.3631 0.0243 -0.9314
vn -0.3931 0.4597 -0.7963
vn -0.3631 0.2958 -0.8836
vn -0.3631 0.6173 -0.6979
vn -0.3931 0.8640 -0.3145
vn -0.3631 0.7945 -0.4867
vn -0.3631 0.9215 -0.1379
vn -0.3931 0.8640 0.3145
vn -0.3631 0.9215 0.1379
vn -0.3631 0.7945 0.4867
vn -0.3931 0.4597 0.7963
vn -0.3631 0.6173 0.6979
vn -0.3631 0.2958 0.8836
vn 1.0000 -0.0000 -0.0000
vn 0.7125 -0.0000 -0.7017
vn 0.7125 0.2400 -0.6594
vn -0.7125 0.2400 -0.6594
vn -0.7125 -0.0000 -0.7017
vn 0.7125 0.4510 -0.5375
vn -0.7125 0.4510 -0.5375
vn 0.7125 0.6077 -0.3508
vn -0.7125 0.6077 -0.3508
vn 0.7125 0.6910 -0.1218
vn -0.7125 0.6910 -0.1218
vn 0.7071 0.7071 -0.0000
vn -0.7071 0.7071 -0.0000
vn 0.7071 0.6645 0.2418
vn 0.7125 0.6077 0.3508
vn -0.7125 0.6077 0.3508
vn -0.7071 0.6645 0.2418
vn 0.7125 0.4510 0.5375
vn -0.7125 0.4510 0.5375
vn 0.7125 0.2400 0.6593
vn 0.7125 0.2400 0.6594
vn -0.7125 0.2400 0.6594
vn 0.7125 -0.0000 0.7017
vn -0.7125 -0.0000 0.7017
vn 0.7125 -0.2400 0.6594
vn -0.7125 -0.2400 0.6594
vn 0.7125 -0.4510 0.5375
vn -0.7125 -0.4510 0.5375
vn 0.7125 -0.6077 0.3508
vn -0.7125 -0.6077 0.3508
vn 0.7125 -0.6910 0.1218
vn -0.7125 -0.6910 0.1218
vn 0.7125 -0.6910 -0.1218
vn -0.7125 -0.6910 -0.1218
vn 0.7125 -0.6077 -0.3508
vn -0.7125 -0.6077 -0.3508
vn 0.7125 -0.4510 -0.5375
vn -0.7125 -0.4510 -0.5375
vn 0.7125 -0.2400 -0.6594
vn -0.7125 -0.2400 -0.6594
vt 0.569992 0.010784
vt 0.569992 0.047161
vt 0.529599 0.047161
vt 0.529599 0.010784
vt 0.610385 0.010784
vt 0.610385 0.047161
vt 0.650778 0.010784
vt 0.650778 0.047161
vt 0.691170 0.010784
vt 0.691170 0.047161
vt 0.731563 0.010784
vt 0.731563 0.047161
vt 0.044886 0.010784
vt 0.044886 0.047161
vt 0.004493 0.047161
vt 0.004493 0.010784
vt 0.085277 0.010784
vt 0.085277 0.047161
vt 0.125670 0.010784
vt 0.125670 0.047161
vt 0.166063 0.010784
vt 0.166063 0.047161
vt 0.206456 0.010784
vt 0.206456 0.047161
vt 0.246849 0.010784
vt 0.246849 0.047161
vt 0.287242 0.010784
vt 0.287242 0.047161
vt 0.327634 0.010784
vt 0.327634 0.047161
vt 0.368027 0.010784
vt 0.368027 0.047161
vt 0.408420 0.010784
vt 0.408420 0.047161
vt 0.448813 0.010784
vt 0.448813 0.047161
vt 0.489206 0.010784
vt 0.489206 0.047161
vt 0.608488 0.134927
vt 0.581883 0.144611
vt 0.578121 0.123275
vt 0.606434 0.123275
vt 0.614404 0.145174
vt 0.592715 0.163373
vt 0.623468 0.152780
vt 0.609313 0.177299
vt 0.634588 0.156827
vt 0.629671 0.184709
vt 0.646419 0.156827
vt 0.651336 0.184709
vt 0.657539 0.152780
vt 0.671694 0.177299
vt 0.666603 0.145174
vt 0.688292 0.163373
vt 0.672519 0.134927
vt 0.699124 0.144611
vt 0.674574 0.123275
vt 0.702886 0.123275
vt 0.672519 0.111622
vt 0.699124 0.101939
vt 0.666603 0.101376
vt 0.688292 0.083176
vt 0.657539 0.093770
vt 0.671694 0.069250
vt 0.646419 0.089722
vt 0.651336 0.061840
vt 0.634588 0.089722
vt 0.629671 0.061840
vt 0.623468 0.093770
vt 0.609313 0.069250
vt 0.614404 0.101376
vt 0.592716 0.083176
vt 0.608488 0.111622
vt 0.581884 0.101939
vt 0.606434 0.123275
vt 0.613498 0.127920
vt 0.608488 0.134927
vt 0.622255 0.143088
vt 0.614404 0.145174
vt 0.623468 0.152780
vt 0.638714 0.149078
vt 0.634588 0.156827
vt 0.646419 0.156827
vt 0.655172 0.143088
vt 0.657539 0.152780
vt 0.666603 0.145174
vt 0.663928 0.127920
vt 0.672519 0.134927
vt 0.674574 0.123275
vt 0.660887 0.110672
vt 0.672519 0.111622
vt 0.666603 0.101376
vt 0.647471 0.099413
vt 0.657539 0.093770
vt 0.646419 0.089722
vt 0.629956 0.099413
vt 0.634588 0.089722
vt 0.623468 0.093770
vt 0.616540 0.110672
vt 0.614404 0.101376
vt 0.608488 0.111622
vt 0.237208 0.144314
vt 0.177819 0.123534
vt 0.240907 0.123339
vt 0.237208 0.102364
vt 0.226559 0.083918
vt 0.210242 0.070227
vt 0.190228 0.062943
vt 0.168929 0.062943
vt 0.148915 0.070227
vt 0.132599 0.083918
vt 0.121949 0.102364
vt 0.118251 0.123339
vt 0.121949 0.144314
vt 0.132599 0.162759
vt 0.148915 0.176450
vt 0.168929 0.183734
vt 0.190228 0.183734
vt 0.210242 0.176450
vt 0.226559 0.162759
vt 0.613498 0.127920
vt 0.638714 0.123473
vt 0.622255 0.143088
vt 0.638714 0.149078
vt 0.655172 0.143088
vt 0.663928 0.127920
vt 0.660887 0.110672
vt 0.647471 0.099413
vt 0.629956 0.099413
vt 0.616540 0.110672
vt 0.529599 0.047161
vt 0.569992 0.047161
vt 0.569992 0.053422
vt 0.529599 0.053422
vt 0.569992 0.010784
vt 0.529599 0.010784
vt 0.529599 0.004525
vt 0.569992 0.004525
vt 0.610385 0.047161
vt 0.610385 0.053422
vt 0.610385 0.010784
vt 0.610385 0.004525
vt 0.650778 0.047161
vt 0.650778 0.053422
vt 0.650778 0.010784
vt 0.650778 0.004525
vt 0.691170 0.047161
vt 0.691170 0.053422
vt 0.691170 0.010784
vt 0.691170 0.004525
vt 0.731563 0.047161
vt 0.731563 0.053422
vt 0.731563 0.010784
vt 0.731563 0.004525
vt 0.004493 0.047161
vt 0.044886 0.047161
vt 0.044886 0.053422
vt 0.004493 0.053422
vt 0.044886 0.010784
vt 0.004493 0.010784
vt 0.004493 0.004525
vt 0.044886 0.004525
vt 0.085277 0.047161
vt 0.085277 0.053422
vt 0.085277 0.010784
vt 0.085277 0.004525
vt 0.125670 0.047161
vt 0.125670 0.053422
vt 0.125670 0.010784
vt 0.125670 0.004525
vt 0.166063 0.047161
vt 0.166063 0.053422
vt 0.166063 0.010784
vt 0.166063 0.004525
vt 0.206456 0.047161
vt 0.206456 0.053422
vt 0.206456 0.010784
vt 0.206456 0.004525
vt 0.246849 0.047161
vt 0.246849 0.053422
vt 0.246849 0.010784
vt 0.246849 0.004525
vt 0.287242 0.047161
vt 0.287242 0.053422
vt 0.287242 0.010784
vt 0.287242 0.004525
vt 0.327634 0.047161
vt 0.327634 0.053422
vt 0.327634 0.010784
vt 0.327634 0.004525
vt 0.368027 0.047161
vt 0.368027 0.053422
vt 0.368027 0.010784
vt 0.368027 0.004525
vt 0.408420 0.047161
vt 0.408420 0.053422
vt 0.408420 0.010784
vt 0.408420 0.004525
vt 0.448813 0.047161
vt 0.448813 0.053422
vt 0.448813 0.010784
vt 0.448813 0.004525
vt 0.489206 0.047161
vt 0.489206 0.053422
vt 0.489206 0.010784
vt 0.489206 0.004525
vt 0.569992 0.010784
vt 0.569992 0.047161
vt 0.529599 0.047161
vt 0.529599 0.010784
vt 0.610385 0.010784
vt 0.610385 0.047161
vt 0.650778 0.010784
vt 0.650778 0.047161
vt 0.691170 0.010784
vt 0.691170 0.047161
vt 0.731563 0.010784
vt 0.731563 0.047161
vt 0.044886 0.010784
vt 0.044886 0.047161
vt 0.004493 0.047161
vt 0.004493 0.010784
vt 0.085277 0.010784
vt 0.085277 0.047161
vt 0.125670 0.010784
vt 0.125670 0.047161
vt 0.166063 0.010784
vt 0.166063 0.047161
vt 0.206456 0.010784
vt 0.206456 0.047161
vt 0.246849 0.010784
vt 0.246849 0.047161
vt 0.287242 0.010784
vt 0.287242 0.047161
vt 0.327634 0.010784
vt 0.327634 0.047161
vt 0.368027 0.010784
vt 0.368027 0.047161
vt 0.408420 0.010784
vt 0.408420 0.047161
vt 0.448813 0.010784
vt 0.448813 0.047161
vt 0.489206 0.010784
vt 0.489206 0.047161
vt 0.118251 0.123339
vt 0.177819 0.123534
vt 0.121949 0.144314
vt 0.132599 0.162759
vt 0.148915 0.176450
vt 0.168929 0.183734
vt 0.190228 0.183734
vt 0.210242 0.176450
vt 0.226559 0.162759
vt 0.237208 0.144314
vt 0.240907 0.123339
vt 0.237208 0.102364
vt 0.226559 0.083918
vt 0.210242 0.070227
vt 0.190228 0.062943
vt 0.168929 0.062943
vt 0.148915 0.070227
vt 0.132600 0.083918
vt 0.121950 0.102364
vt 0.237208 0.144314
vt 0.177819 0.123534
vt 0.240907 0.123339
vt 0.237208 0.102364
vt 0.226559 0.083918
vt 0.210242 0.070227
vt 0.190228 0.062943
vt 0.168929 0.062943
vt 0.148915 0.070227
vt 0.132599 0.083918
vt 0.121949 0.102364
vt 0.118251 0.123339
vt 0.121949 0.144314
vt 0.132599 0.162759
vt 0.148915 0.176450
vt 0.168929 0.183734
vt 0.190228 0.183734
vt 0.210242 0.176450
vt 0.226559 0.162759
vt 0.529599 0.047161
vt 0.569992 0.047161
vt 0.569992 0.053422
vt 0.529599 0.053422
vt 0.569992 0.010784
vt 0.529599 0.010784
vt 0.529599 0.004525
vt 0.569992 0.004525
vt 0.610385 0.047161
vt 0.610385 0.053422
vt 0.610385 0.010784
vt 0.610385 0.004525
vt 0.650778 0.047161
vt 0.650778 0.053422
vt 0.650778 0.010784
vt 0.650778 0.004525
vt 0.691170 0.047161
vt 0.691170 0.053422
vt 0.691170 0.010784
vt 0.691170 0.004525
vt 0.731563 0.047161
vt 0.731563 0.053422
vt 0.731563 0.010784
vt 0.731563 0.004525
vt 0.004493 0.047161
vt 0.044886 0.047161
vt 0.044886 0.053422
vt 0.004493 0.053422
vt 0.044886 0.010784
vt 0.004493 0.010784
vt 0.004493 0.004525
vt 0.044886 0.004525
vt 0.085277 0.047161
vt 0.085277 0.053422
vt 0.085277 0.010784
vt 0.085277 0.004525
vt 0.125670 0.047161
vt 0.125670 0.053422
vt 0.125670 0.010784
vt 0.125670 0.004525
vt 0.166063 0.047161
vt 0.166063 0.053422
vt 0.166063 0.010784
vt 0.166063 0.004525
vt 0.206456 0.047161
vt 0.206456 0.053422
vt 0.206456 0.010784
vt 0.206456 0.004525
vt 0.246849 0.047161
vt 0.246849 0.053422
vt 0.246849 0.010784
vt 0.246849 0.004525
vt 0.287242 0.047161
vt 0.287242 0.053422
vt 0.287242 0.010784
vt 0.287242 0.004525
vt 0.327634 0.047161
vt 0.327634 0.053422
vt 0.327634 0.010784
vt 0.327634 0.004525
vt 0.368027 0.047161
vt 0.368027 0.053422
vt 0.368027 0.010784
vt 0.368027 0.004525
vt 0.408420 0.047161
vt 0.408420 0.053422
vt 0.408420 0.010784
vt 0.408420 0.004525
vt 0.448813 0.047161
vt 0.448813 0.053422
vt 0.448813 0.010784
vt 0.448813 0.004525
vt 0.489206 0.047161
vt 0.489206 0.053422
vt 0.489206 0.010784
vt 0.489206 0.004525
s 1
f 1558/1558/1000 1559/1559/1000 1560/1560/1001
f 1558/1558/1000 1560/1560/1001 1561/1561/1001
f 1562/1562/1002 1563/1563/1002 1559/1559/1000
f 1562/1562/1002 1559/1559/1000 1558/1558/1000
f 1564/1564/1003 1565/1565/1003 1563/1563/1002
f 1564/1564/1003 1563/1563/1002 1562/1562/1002
f 1566/1566/1004 1567/1567/1004 1565/1565/1003
f 1566/1566/1004 1565/1565/1003 1564/1564/1003
f 1568/1568/1005 1569/1569/1005 1567/1567/1004
f 1568/1568/1005 1567/1567/1004 1566/1566/1004
f 1570/1570/1006 1571/1571/1006 1572/1572/1007
f 1570/1570/1006 1572/1572/1007 1573/1573/1007
f 1574/1574/1008 1575/1575/1008 1571/1571/1006
f 1574/1574/1008 1571/1571/1006 1570/1570/1006
f 1576/1576/1009 1577/1577/1009 1575/1575/1008
f 1576/1576/1009 1575/1575/1008 1574/1574/1008
f 1578/1578/1010 1579/1579/1010 1577/1577/1009
f 1578/1578/1010 1577/1577/1009 1576/1576/1009
f 1580/1580/1011 1581/1581/1011 1579/1579/1010
f 1580/1580/1011 1579/1579/1010 1578/1578/1010
f 1582/1582/1012 1583/1583/1012 1581/1581/1011
f 1582/1582/1012 1581/1581/1011 1580/1580/1011
f 1584/1584/1013 1585/1585/1013 1583/1583/1012
f 1584/1584/1013 1583/1583/1012 1582/1582/1012
f 1586/1586/1014 1587/1587/1014 1585/1585/1013
f 1586/1586/1014 1585/1585/1013 1584/1584/1013
f 1588/1588/1015 1589/1589/1015 1587/1587/1014
f 1588/1588/1015 1587/1587/1014 1586/1586/1014
f 1590/1590/1016 1591/1591/1016 1589/1589/1015
f 1590/1590/1016 1589/1589/1015 1588/1588/1015
f 1592/1592/1017 1593/1593/1017 1591/1591/1016
f 1592/1592/1017 1591/1591/1016 1590/1590/1016
f 1594/1594/1018 1595/1595/1018 1593/1593/1017
f 1594/1594/1018 1593/1593/1017 1592/1592/1017
f 1561/1561/1001 1560/1560/1001 1595/1595/1018
f 1561/1561/1001 1595/1595/1018 1594/1594/1018
f 1596/1596/1019 1597/1597/1019 1598/1598/1019
f 1596/1596/1019 1598/1598/1019 1599/1599/1019
f 1600/1600/1019 1601/1601/1019 1597/1597/1019
f 1600/1600/1019 1597/1597/1019 1596/1596/1019
f 1602/1602/1019 1603/1603/1019 1601/1601/1019
f 1602/1602/1019 1601/1601/1019 1600/1600/1019
f 1604/1604/1019 1605/1605/1019 1603/1603/1019
f 1604/1604/1019 1603/1603/1019 1602/1602/1019
f 1606/1606/1019 1607/1607/1019 1605/1605/1019
f 1606/1606/1019 1605/1605/1019 1604/1604/1019
f 1608/1608/1019 1609/1609/1019 1607/1607/1019
f 1608/1608/1019 1607/1607/1019 1606/1606/1019
f 1610/1610/1019 1611/1611/1019 1609/1609/1019
f 1610/1610/1019 1609/1609/1019 1608/1608/1019
f 1612/1612/1019 1613/1613/1019 1611/1611/1019
f 1612/1612/1019 1611/1611/1019 1610/1610/1019
f 1614/1614/1019 1615/1615/1019 1613/1613/1019
f 1614/1614/1019 1613/1613/1019 1612/1612/1019
f 1616/1616/1019 1617/1617/1019 1615/1615/1019
f 1616/1616/1019 1615/1615/1019 1614/1614/1019
f 1618/1618/1019 1619/1619/1019 1617/1617/1019
f 1618/1618/1019 1617/1617/1019 1616/1616/1019
f 1620/1620/1019 1621/1621/1019 1619/1619/1019
f 1620/1620/1019 1619/1619/1019 1618/1618/1019
f 1622/1622/1019 1623/1623/1019 1621/1621/1019
f 1622/1622/1019 1621/1621/1019 1620/1620/1019
f 1624/1624/1019 1625/1625/1019 1623/1623/1019
f 1624/1624/1019 1623/1623/1019 1622/1622/1019
f 1626/1626/1019 1627/1627/1019 1625/1625/1019
f 1626/1626/1019 1625/1625/1019 1624/1624/1019
f 1628/1628/1019 1629/1629/1019 1627/1627/1019
f 1628/1628/1019 1627/1627/1019 1626/1626/1019
f 1630/1630/1019 1631/1631/1019 1629/1629/1019
f 1630/1630/1019 1629/1629/1019 1628/1628/1019
f 1599/1599/1019 1598/1598/1019 1631/1631/1019
f 1599/1599/1019 1631/1631/1019 1630/1630/1019
f 1632/1632/1020 1633/1633/1022 1634/1634/1021
f 1635/1635/1023 1636/1636/1024 1634/1634/1021
f 1635/1635/1023 1634/1634/1021 1633/1633/1022
f 1636/1636/1024 1635/1635/1023 1637/1637/1025
f 1638/1638/1026 1639/1639/1027 1637/1637/1025
f 1638/1638/1026 1637/1637/1025 1635/1635/1023
f 1639/1639/1027 1638/1638/1026 1640/1640/1028
f 1641/1641/1029 1642/1642/1030 1640/1640/1028
f 1641/1641/1029 1640/1640/1028 1638/1638/1026
f 1642/1642/1030 1641/1641/1029 1643/1643/1031
f 1644/1644/1032 1645/1645/1033 1643/1643/1031
f 1644/1644/1032 1643/1643/1031 1641/1641/1029
f 1645/1645/1033 1644/1644/1032 1646/1646/1034
f 1647/1647/1035 1648/1648/1036 1646/1646/1034
f 1647/1647/1035 1646/1646/1034 1644/1644/1032
f 1648/1648/1036 1647/1647/1035 1649/1649/1037
f 1650/1650/1038 1651/1651/1039 1649/1649/1037
f 1650/1650/1038 1649/1649/1037 1647/1647/1035
f 1651/1651/1039 1650/1650/1038 1652/1652/1040
f 1653/1653/1041 1654/1654/1042 1652/1652/1040
f 1653/1653/1041 1652/1652/1040 1650/1650/1038
f 1654/1654/1042 1653/1653/1041 1655/1655/1043
f 1656/1656/1044 1657/1657/1045 1655/1655/1043
f 1656/1656/1044 1655/1655/1043 1653/1653/1041
f 1657/1657/1045 1656/1656/1044 1658/1658/1046
f 1633/1633/1022 1632/1632/1020 1658/1658/1046
f 1633/1633/1022 1658/1658/1046 1656/1656/1044
f 1659/1659/1047 1660/1660/1047 1661/1661/1047
f 1661/1661/1047 1660/1660/1047 1662/1662/1047
f 1662/1662/1047 1660/1660/1047 1663/1663/1047
f 1663/1663/1047 1660/1660/1047 1664/1664/1047
f 1664/1664/1047 1660/1660/1047 1665/1665/1047
f 1665/1665/1047 1660/1660/1047 1666/1666/1047
f 1666/1666/1047 1660/1660/1047 1667/1667/1047
f 1667/1667/1047 1660/1660/1047 1668/1668/1047
f 1668/1668/1047 1660/1660/1047 1669/1669/1047
f 1669/1669/1047 1660/1660/1047 1670/1670/1047
f 1670/1670/1047 1660/1660/1047 1671/1671/1047
f 1671/1671/1047 1660/1660/1047 1672/1672/1047
f 1672/1672/1047 1660/1660/1047 1673/1673/1047
f 1673/1673/1047 1660/1660/1047 1674/1674/1047
f 1674/1674/1047 1660/1660/1047 1675/1675/1047
f 1675/1675/1047 1660/1660/1047 1676/1676/1047
f 1676/1676/1047 1660/1660/1047 1677/1677/1047
f 1677/1677/1047 1660/1660/1047 1659/1659/1047
f 1678/1678/1019 1679/1679/1019 1680/1680/1019
f 1680/1680/1019 1679/1679/1019 1681/1681/1019
f 1681/1681/1019 1679/1679/1019 1682/1682/1019
f 1682/1682/1019 1679/1679/1019 1683/1683/1019
f 1683/1683/1019 1679/1679/1019 1684/1684/1019
f 1684/1684/1019 1679/1679/1019 1685/1685/1019
f 1685/1685/1019 1679/1679/1019 1686/1686/1019
f 1686/1686/1019 1679/1679/1019 1687/1687/1019
f 1687/1687/1019 1679/1679/1019 1678/1678/1019
f 1688/1688/1048 1689/1689/1049 1690/1690/1049
f 1688/1688/1048 1690/1690/1049 1691/1691/1048
f 1692/1692/1050 1693/1693/1051 1694/1694/1051
f 1692/1692/1050 1694/1694/1051 1695/1695/1050
f 1689/1689/1049 1696/1696/1052 1697/1697/1052
f 1689/1689/1049 1697/1697/1052 1690/1690/1049
f 1698/1698/1053 1692/1692/1050 1695/1695/1050
f 1698/1698/1053 1695/1695/1050 1699/1699/1053
f 1696/1696/1052 1700/1700/1054 1701/1701/1054
f 1696/1696/1052 1701/1701/1054 1697/1697/1052
f 1702/1702/1055 1698/1698/1053 1699/1699/1053
f 1702/1702/1055 1699/1699/1053 1703/1703/1055
f 1700/1700/1054 1704/1704/1056 1705/1705/1056
f 1700/1700/1054 1705/1705/1056 1701/1701/1054
f 1706/1706/1057 1702/1702/1055 1703/1703/1055
f 1706/1706/1057 1703/1703/1055 1707/1707/1057
f 1704/1704/1056 1708/1708/1058 1709/1709/1058
f 1704/1704/1056 1709/1709/1058 1705/1705/1056
f 1710/1710/1059 1706/1706/1057 1707/1707/1057
f 1710/1710/1059 1707/1707/1057 1711/1711/1059
f 1712/1712/1060 1713/1713/1061 1714/1714/1061
f 1712/1712/1060 1714/1714/1061 1715/1715/1060
f 1716/1716/1062 1717/1717/1063 1718/1718/1063
f 1716/1716/1062 1718/1718/1063 1719/1719/1062
f 1713/1713/1061 1720/1720/1064 1721/1721/1064
f 1713/1713/1061 1721/1721/1064 1714/1714/1061
f 1722/1722/1065 1716/1716/1062 1719/1719/1062
f 1722/1722/1065 1719/1719/1062 1723/1723/1065
f 1720/1720/1064 1724/1724/1067 1725/1725/1066
f 1720/1720/1064 1725/1725/1066 1721/1721/1064
f 1726/1726/1068 1722/1722/1065 1723/1723/1065
f 1726/1726/1068 1723/1723/1065 1727/1727/1068
f 1724/1724/1067 1728/1728/1069 1729/1729/1069
f 1724/1724/1067 1729/1729/1069 1725/1725/1066
f 1730/1730/1070 1726/1726/1068 1727/1727/1068
f 1730/1730/1070 1727/1727/1068 1731/1731/1070
f 1728/1728/1069 1732/1732/1071 1733/1733/1071
f 1728/1728/1069 1733/1733/1071 1729/1729/1069
f 1734/1734/1072 1730/1730/1070 1731/1731/1070
f 1734/1734/1072 1731/1731/1070 1735/1735/1072
f 1732/1732/1071 1736/1736/1073 1737/1737/1073
f 1732/1732/1071 1737/1737/1073 1733/1733/1071
f 1738/1738/1074 1734/1734/1072 1735/1735/1072
f 1738/1738/1074 1735/1735/1072 1739/1739/1074
f 1736/1736/1073 1740/1740/1075 1741/1741/1075
f 1736/1736/1073 1741/1741/1075 1737/1737/1073
f 1742/1742/1076 1738/1738/1074 1739/1739/1074
f 1742/1742/1076 1739/1739/1074 1743/1743/1076
f 1740/1740/1075 1744/1744/1077 1745/1745/1077
f 1740/1740/1075 1745/1745/1077 1741/1741/1075
f 1746/1746/1078 1742/1742/1076 1743/1743/1076
f 1746/1746/1078 1743/1743/1076 1747/1747/1078
f 1744/1744/1077 1748/1748/1079 1749/1749/1079
f 1744/1744/1077 1749/1749/1079 1745/1745/1077
f 1750/1750/1080 1746/1746/1078 1747/1747/1078
f 1750/1750/1080 1747/1747/1078 1751/1751/1080
f 1748/1748/1079 1752/1752/1081 1753/1753/1081
f 1748/1748/1079 1753/1753/1081 1749/1749/1079
f 1754/1754/1082 1750/1750/1080 1751/1751/1080
f 1754/1754/1082 1751/1751/1080 1755/1755/1082
f 1752/1752/1081 1756/1756/1083 1757/1757/1083
f 1752/1752/1081 1757/1757/1083 1753/1753/1081
f 1758/1758/1084 1754/1754/1082 1755/1755/1082
f 1758/1758/1084 1755/1755/1082 1759/1759/1084
f 1756/1756/1083 1760/1760/1085 1761/1761/1085
f 1756/1756/1083 1761/1761/1085 1757/1757/1083
f 1762/1762/1086 1758/1758/1084 1759/1759/1084
f 1762/1762/1086 1759/1759/1084 1763/1763/1086
f 1760/1760/1085 1688/1688/1048 1691/1691/1048
f 1760/1760/1085 1691/1691/1048 1761/1761/1085
f 1693/1693/1051 1762/1762/1086 1763/1763/1086
f 1693/1693/1051 1763/1763/1086 1694/1694/1051
f 1764/1764/1000 1765/1765/1000 1766/1766/1001
f 1764/1764/1000 1766/1766/1001 1767/1767/1001
f 1768/1768/1002 1769/1769/1002 1765/1765/1000
f 1768/1768/1002 1765/1765/1000 1764/1764/1000
f 1770/1770/1003 1771/1771/1003 1769/1769/1002
f 1770/1770/1003 1769/1769/1002 1768/1768/1002
f 1772/1772/1004 1773/1773/1004 1771/1771/1003
f 1772/1772/1004 1771/1771/1003 1770/1770/1003
f 1774/1774/1005 1775/1775/1005 1773/1773/1004
f 1774/1774/1005 1773/1773/1004 1772/1772/1004
f 1776/1776/1006 1777/1777/1006 1778/1778/1007
f 1776/1776/1006 1778/1778/1007 1779/1779/1007
f 1780/1780/1008 1781/1781/1008 1777/1777/1006
f 1780/1780/1008 1777/1777/1006 1776/1776/1006
f 1782/1782/1009 1783/1783/1009 1781/1781/1008
f 1782/1782/1009 1781/1781/1008 1780/1780/1008
f 1784/1784/1010 1785/1785/1010 1783/1783/1009
f 1784/1784/1010 1783/1783/1009 1782/1782/1009
f 1786/1786/1011 1787/1787/1011 1785/1785/1010
f 1786/1786/1011 1785/1785/1010 1784/1784/1010
f 1788/1788/1012 1789/1789/1012 1787/1787/1011
f 1788/1788/1012 1787/1787/1011 1786/1786/1011
f 1790/1790/1013 1791/1791/1013 1789/1789/1012
f 1790/1790/1013 1789/1789/1012 1788/1788/1012
f 1792/1792/1014 1793/1793/1014 1791/1791/1013
f 1792/1792/1014 1791/1791/1013 1790/1790/1013
f 1794/1794/1015 1795/1795/1015 1793/1793/1014
f 1794/1794/1015 1793/1793/1014 1792/1792/1014
f 1796/1796/1016 1797/1797/1016 1795/1795/1015
f 1796/1796/1016 1795/1795/1015 1794/1794/1015
f 1798/1798/1017 1799/1799/1017 1797/1797/1016
f 1798/1798/1017 1797/1797/1016 1796/1796/1016
f 1800/1800/1018 1801/1801/1018 1799/1799/1017
f 1800/1800/1018 1799/1799/1017 1798/1798/1017
f 1767/1767/1001 1766/1766/1001 1801/1801/1018
f 1767/1767/1001 1801/1801/1018 1800/1800/1018
f 1802/1802/1019 1803/1803/1019 1804/1804/1019
f 1804/1804/1019 1803/1803/1019 1805/1805/1019
f 1805/1805/1019 1803/1803/1019 1806/1806/1019
f 1806/1806/1019 1803/1803/1019 1807/1807/1019
f 1807/1807/1019 1803/1803/1019 1808/1808/1019
f 1808/1808/1019 1803/1803/1019 1809/1809/1019
f 1809/1809/1019 1803/1803/1019 1810/1810/1019
f 1810/1810/1019 1803/1803/1019 1811/1811/1019
f 1811/1811/1019 1803/1803/1019 1812/1812/1019
f 1812/1812/1019 1803/1803/1019 1813/1813/1019
f 1813/1813/1019 1803/1803/1019 1814/1814/1019
f 1814/1814/1019 1803/1803/1019 1815/1815/1019
f 1815/1815/1019 1803/1803/1019 1816/1816/1019
f 1816/1816/1019 1803/1803/1019 1817/1817/1019
f 1817/1817/1019 1803/1803/1019 1818/1818/1019
f 1818/1818/1019 1803/1803/1019 1819/1819/1019
f 1819/1819/1019 1803/1803/1019 1820/1820/1019
f 1820/1820/1019 1803/1803/1019 1802/1802/1019
f 1821/1821/1047 1822/1822/1047 1823/1823/1047
f 1823/1823/1047 1822/1822/1047 1824/1824/1047
f 1824/1824/1047 1822/1822/1047 1825/1825/1047
f 1825/1825/1047 1822/1822/1047 1826/1826/1047
f 1826/1826/1047 1822/1822/1047 1827/1827/1047
f 1827/1827/1047 1822/1822/1047 1828/1828/1047
f 1828/1828/1047 1822/1822/1047 1829/1829/1047
f 1829/1829/1047 1822/1822/1047 1830/1830/1047
f 1830/1830/1047 1822/1822/1047 1831/1831/1047
f 1831/1831/1047 1822/1822/1047 1832/1832/1047
f 1832/1832/1047 1822/1822/1047 1833/1833/1047
f 1833/1833/1047 1822/1822/1047 1834/1834/1047
f 1834/1834/1047 1822/1822/1047 1835/1835/1047
f 1835/1835/1047 1822/1822/1047 1836/1836/1047
f 1836/1836/1047 1822/1822/1047 1837/1837/1047
f 1837/1837/1047 1822/1822/1047 1838/1838/1047
f 1838/1838/1047 1822/1822/1047 1839/1839/1047
f 1839/1839/1047 1822/1822/1047 1821/1821/1047
f 1840/1840/1048 1841/1841/1049 1842/1842/1049
f 1840/1840/1048 1842/1842/1049 1843/1843/1048
f 1844/1844/1050 1845/1845/1051 1846/1846/1051
f 1844/1844/1050 1846/1846/1051 1847/1847/1050
f 1841/1841/1049 1848/1848/1052 1849/1849/1052
f 1841/1841/1049 1849/1849/1052 1842/1842/1049
f 1850/1850/1053 1844/1844/1050 1847/1847/1050
f 1850/1850/1053 1847/1847/1050 1851/1851/1053
f 1848/1848/1052 1852/1852/1054 1853/1853/1054
f 1848/1848/1052 1853/1853/1054 1849/1849/1052
f 1854/1854/1055 1850/1850/1053 1851/1851/1053
f 1854/1854/1055 1851/1851/1053 1855/1855/1055
f 1852/1852/1054 1856/1856/1056 1857/1857/1056
f 1852/1852/1054 1857/1857/1056 1853/1853/1054
f 1858/1858/1057 1854/1854/1055 1855/1855/1055
f 1858/1858/1057 1855/1855/1055 1859/1859/1057
f 1856/1856/1056 1860/1860/1058 1861/1861/1058
f 1856/1856/1056 1861/1861/1058 1857/1857/1056
f 1862/1862/1059 1858/1858/1057 1859/1859/1057
f 1862/1862/1059 1859/1859/1057 1863/1863/1059
f 1864/1864/1060 1865/1865/1061 1866/1866/1061
f 1864/1864/1060 1866/1866/1061 1867/1867/1060
f 1868/1868/1062 1869/1869/1063 1870/1870/1063
f 1868/1868/1062 1870/1870/1063 1871/1871/1062
f 1865/1865/1061 1872/1872/1064 1873/1873/1064
f 1865/1865/1061 1873/1873/1064 1866/1866/1061
f 1874/1874/1065 1868/1868/1062 1871/1871/1062
f 1874/1874/1065 1871/1871/1062 1875/1875/1065
f 1872/1872/1064 1876/1876/1067 1877/1877/1066
f 1872/1872/1064 1877/1877/1066 1873/1873/1064
f 1878/1878/1068 1874/1874/1065 1875/1875/1065
f 1878/1878/1068 1875/1875/1065 1879/1879/1068
f 1876/1876/1067 1880/1880/1069 1881/1881/1069
f 1876/1876/1067 1881/1881/1069 1877/1877/1066
f 1882/1882/1070 1878/1878/1068 1879/1879/1068
f 1882/1882/1070 1879/1879/1068 1883/1883/1070
f 1880/1880/1069 1884/1884/1071 1885/1885/1071
f 1880/1880/1069 1885/1885/1071 1881/1881/1069
f 1886/1886/1072 1882/1882/1070 1883/1883/1070
f 1886/1886/1072 1883/1883/1070 1887/1887/1072
f 1884/1884/1071 1888/1888/1073 1889/1889/1073
f 1884/1884/1071 1889/1889/1073 1885/1885/1071
f 1890/1890/1074 1886/1886/1072 1887/1887/1072
f 1890/1890/1074 1887/1887/1072 1891/1891/1074
f 1888/1888/1073 1892/1892/1075 1893/1893/1075
f 1888/1888/1073 1893/1893/1075 1889/1889/1073
f 1894/1894/1076 1890/1890/1074 1891/1891/1074
f 1894/1894/1076 1891/1891/1074 1895/1895/1076
f 1892/1892/1075 1896/1896/1077 1897/1897/1077
f 1892/1892/1075 1897/1897/1077 1893/1893/1075
f 1898/1898/1078 1894/1894/1076 1895/1895/1076
f 1898/1898/1078 1895/1895/1076 1899/1899/1078
f 1896/1896/1077 1900/1900/1079 1901/1901/1079
f 1896/1896/1077 1901/1901/1079 1897/1897/1077
f 1902/1902/1080 1898/1898/1078 1899/1899/1078
f 1902/1902/1080 1899/1899/1078 1903/1903/1080
f 1900/1900/1079 1904/1904/1081 1905/1905/1081
f 1900/1900/1079 1905/1905/1081 1901/1901/1079
f 1906/1906/1082 1902/1902/1080 1903/1903/1080
f 1906/1906/1082 1903/1903/1080 1907/1907/1082
f 1904/1904/1081 1908/1908/1083 1909/1909/1083
f 1904/1904/1081 1909/1909/1083 1905/1905/1081
f 1910/1910/1084 1906/1906/1082 1907/1907/1082
f 1910/1910/1084 1907/1907/1082 1911/1911/1084
f 1908/1908/1083 1912/1912/1085 1913/1913/1085
f 1908/1908/1083 1913/1913/1085 1909/1909/1083
f 1914/1914/1086 1910/1910/1084 1911/1911/1084
f 1914/1914/1086 1911/1911/1084 1915/1915/1086
f 1912/1912/1085 1840/1840/1048 1843/1843/1048
f 1912/1912/1085 1843/1843/1048 1913/1913/1085
f 1845/1845/1051 1914/1914/1086 1915/1915/1086
f 1845/1845/1051 1915/1915/1086 1846/1846/1051
o rueda_frente_der
v 1.165542 0.309566 -2.274616
v 0.923799 0.309566 -2.274616
v 0.923799 0.469731 -2.302857
v 1.165542 0.469731 -2.302857
v 1.165542 0.168719 -2.193298
v 0.923798 0.168719 -2.193298
v 1.165542 0.064179 -2.068712
v 0.923799 0.064179 -2.068711
v 1.165542 0.008554 -1.915884
v 0.923799 0.008554 -1.915884
v 1.165542 0.008554 -1.753247
v 0.923799 0.008554 -1.753247
v 1.165542 0.064179 -1.600420
v 0.923799 0.064179 -1.600420
v 1.165542 0.168719 -1.475834
v 0.923799 0.168719 -1.475834
v 1.165542 0.309566 -1.394516
v 0.923799 0.309566 -1.394516
v 1.165542 0.469731 -1.366275
v 0.923799 0.469731 -1.366275
v 1.165542 0.629896 -1.394516
v 0.923799 0.629896 -1.394516
v 0.923799 0.469731 -1.366275
v 1.165542 0.469731 -1.366275
v 1.165542 0.770743 -1.475834
v 0.923798 0.770743 -1.475834
v 1.165542 0.875283 -1.600421
v 0.923798 0.875283 -1.600421
v 1.165542 0.930908 -1.753248
v 0.923798 0.930908 -1.753247
v 1.165542 0.930908 -1.915884
v 0.923798 0.930908 -1.915884
v 1.165542 0.875283 -2.068712
v 0.923799 0.875283 -2.068712
v 1.165542 0.770743 -2.193298
v 0.923798 0.770743 -2.193298
v 1.165542 0.629896 -2.274616
v 0.923799 0.629896 -2.274616
v 1.194122 0.347634 -2.170025
v 1.194122 0.321905 -2.240716
v 1.194122 0.469731 -2.266782
v 1.194122 0.469731 -2.191554
v 1.194122 0.240263 -2.108035
v 1.194122 0.191908 -2.165663
v 1.194122 0.160570 -2.013060
v 1.194122 0.095421 -2.050674
v 1.194122 0.118166 -1.896556
v 1.194122 0.044082 -1.909619
v 1.194122 0.118166 -1.772576
v 1.194122 0.044082 -1.759513
v 1.194122 0.160570 -1.656072
v 1.194122 0.095421 -1.618458
v 1.194122 0.240264 -1.561097
v 1.194122 0.191908 -1.503469
v 1.194122 0.347634 -1.499107
v 1.194122 0.321905 -1.428416
v 1.194122 0.469731 -1.477577
v 1.194122 0.469731 -1.402350
v 1.194122 0.591828 -1.499107
v 1.194122 0.617558 -1.428416
v 1.194122 0.699199 -1.561097
v 1.194122 0.747554 -1.503470
v 1.194121 0.778892 -1.656072
v 1.194121 0.844041 -1.618458
v 1.194122 0.821296 -1.772575
v 1.194121 0.895380 -1.759513
v 1.194122 0.821296 -1.896556
v 1.194122 0.895380 -1.909620
v 1.194122 0.778892 -2.013060
v 1.194122 0.844041 -2.050673
v 1.194122 0.699199 -2.108035
v 1.194122 0.747554 -2.165662
v 1.194122 0.591828 -2.170025
v 1.194122 0.617558 -2.240716
v 0.895219 0.321905 -2.240716
v 0.895219 0.469731 -1.834566
v 0.895219 0.469731 -2.266782
v 0.895219 0.617558 -2.240716
v 0.895219 0.747554 -2.165662
v 0.895219 0.844041 -2.050674
v 0.895219 0.895380 -1.909620
v 0.895219 0.895380 -1.759513
v 0.895219 0.844041 -1.618458
v 0.895219 0.747554 -1.503469
v 0.895219 0.617557 -1.428416
v 0.895219 0.469731 -1.402350
v 0.895219 0.321905 -1.428416
v 0.895219 0.191908 -1.503469
v 0.895219 0.095421 -1.618458
v 0.895219 0.044082 -1.759512
v 0.895219 0.044082 -1.909619
v 0.895219 0.095421 -2.050674
v 0.895219 0.191908 -2.165663
v 1.194122 0.469731 -2.191554
v 1.242700 0.469731 -1.834566
v 1.194122 0.347634 -2.170025
v 1.194122 0.240263 -2.108035
v 1.194122 0.160570 -2.013060
v 1.194122 0.118166 -1.896556
v 1.194122 0.118166 -1.772576
v 1.194122 0.160570 -1.656072
v 1.194122 0.240264 -1.561097
v 1.194122 0.347634 -1.499107
v 1.194122 0.469731 -1.477577
v 1.194122 0.591828 -1.499107
v 1.194122 0.699199 -1.561097
v 1.194121 0.778892 -1.656072
v 1.194122 0.821296 -1.772575
v 1.194122 0.821296 -1.896556
v 1.194122 0.778892 -2.013060
v 1.194122 0.699199 -2.108035
v 1.194122 0.591828 -2.170025
v 0.895219 0.321905 -2.240716
v 0.895219 0.469731 -2.266782
v 1.194122 0.469731 -2.266782
v 1.194122 0.321905 -2.240716
v 0.895219 0.191908 -2.165663
v 1.194122 0.191908 -2.165663
v 0.895219 0.095421 -2.050674
v 1.194122 0.095421 -2.050674
v 0.895219 0.044082 -1.909619
v 1.194122 0.044082 -1.909619
v 0.895219 0.044082 -1.759512
v 1.194122 0.044082 -1.759513
v 0.895219 0.095421 -1.618458
v 1.194122 0.095421 -1.618458
v 0.895219 0.191908 -1.503469
v 1.194122 0.191908 -1.503469
v 0.895219 0.321905 -1.428416
v 1.194122 0.321905 -1.428416
v 0.895219 0.469731 -1.402350
v 1.194122 0.469731 -1.402350
v 0.895219 0.617557 -1.428416
v 0.895219 0.469731 -1.402350
v 1.194122 0.469731 -1.402350
v 1.194122 0.617558 -1.428416
v 0.895219 0.747554 -1.503469
v 1.194122 0.747554 -1.503470
v 0.895219 0.844041 -1.618458
v 1.194121 0.844041 -1.618458
v 0.895219 0.895380 -1.759513
v 1.194121 0.895380 -1.759513
v 0.895219 0.895380 -1.909620
v 1.194122 0.895380 -1.909620
v 0.895219 0.844041 -2.050674
v 1.194122 0.844041 -2.050673
v 0.895219 0.747554 -2.165662
v 1.194122 0.747554 -2.165662
v 0.895219 0.617558 -2.240716
v 1.194122 0.617558 -2.240716
vn 0.4175 -0.3108 -0.8539
vn -0.4175 -0.0000 -0.9087
vn -0.4175 -0.3108 -0.8539
vn 0.4175 -0.0000 -0.9087
vn 0.4175 -0.5841 -0.6961
vn -0.4175 -0.5841 -0.6961
vn 0.4175 -0.7869 -0.4543
vn -0.4175 -0.7869 -0.4543
vn 0.4175 -0.8949 -0.1578
vn -0.4175 -0.8949 -0.1578
vn 0.4175 -0.8949 0.1578
vn -0.4175 -0.8949 0.1578
vn 0.4175 -0.7869 0.4543
vn -0.4175 -0.7869 0.4543
vn 0.4175 -0.5841 0.6961
vn -0.4175 -0.5841 0.6961
vn 0.4175 -0.3108 0.8539
vn -0.4175 -0.3108 0.8539
vn 0.4122 -0.1582 0.8972
vn -0.4122 -0.1582 0.8972
vn 0.4175 0.3108 0.8539
vn -0.4122 0.1582 0.8972
vn -0.4175 0.3108 0.8539
vn 0.4122 0.1582 0.8972
vn 0.4175 0.5841 0.6961
vn -0.4175 0.5841 0.6961
vn 0.4175 0.7869 0.4543
vn -0.4175 0.7869 0.4543
vn 0.4175 0.8949 0.1578
vn -0.4175 0.8949 0.1578
vn 0.4175 0.8949 -0.1578
vn -0.4175 0.8949 -0.1578
vn 0.4175 0.7869 -0.4543
vn -0.4175 0.7869 -0.4543
vn 0.4175 0.5841 -0.6961
vn -0.4175 0.5841 -0.6961
vn 0.4175 0.3108 -0.8539
vn -0.4175 0.3108 -0.8539
vn 1.0000 -0.0000 -0.0000
vn -1.0000 -0.0000 -0.0000
vn 0.9909 -0.0000 -0.1348
vn 0.9909 -0.0461 -0.1267
vn 0.9909 -0.0867 -0.1033
vn 0.9909 -0.1168 -0.0674
vn 0.9909 -0.1328 -0.0234
vn 0.9909 -0.1328 0.0234
vn 0.9909 -0.1168 0.0674
vn 0.9909 -0.0867 0.1033
vn 0.9909 -0.0461 0.1267
vn 0.9909 -0.0000 0.1348
vn 0.9909 0.0461 0.1267
vn 0.9909 0.0867 0.1033
vn 0.9909 0.1168 0.0674
vn 0.9909 0.1328 0.0234
vn 0.9909 0.1328 -0.0234
vn 0.9909 0.1168 -0.0674
vn 0.9909 0.0867 -0.1033
vn 0.9909 0.0461 -0.1267
vn -0.7838 -0.2124 -0.5835
vn -0.7838 -0.0000 -0.6210
vn 0.7838 -0.0000 -0.6210
vn 0.7838 -0.2124 -0.5835
vn -0.7838 -0.3991 -0.4757
vn 0.7838 -0.3992 -0.4757
vn -0.7838 -0.5378 -0.3105
vn 0.7838 -0.5378 -0.3105
vn -0.7838 -0.6115 -0.1078
vn 0.7838 -0.6115 -0.1078
vn -0.7838 -0.6115 0.1078
vn 0.7838 -0.6115 0.1078
vn -0.7838 -0.5378 0.3105
vn 0.7838 -0.5378 0.3105
vn -0.7838 -0.3992 0.4757
vn 0.7838 -0.3992 0.4757
vn -0.7838 -0.2124 0.5835
vn 0.7838 -0.2124 0.5835
vn -0.7792 -0.1088 0.6173
vn 0.7792 -0.1088 0.6173
vn -0.7838 0.2124 0.5835
vn -0.7792 0.1088 0.6173
vn 0.7792 0.1088 0.6173
vn 0.7838 0.2124 0.5835
vn -0.7838 0.3991 0.4757
vn 0.7838 0.3992 0.4757
vn -0.7838 0.5378 0.3105
vn 0.7838 0.5378 0.3105
vn -0.7838 0.6115 0.1078
vn 0.7838 0.6115 0.1078
vn -0.7838 0.6115 -0.1078
vn 0.7838 0.6115 -0.1078
vn -0.7838 0.5378 -0.3105
vn 0.7838 0.5378 -0.3105
vn -0.7838 0.3991 -0.4757
vn 0.7838 0.3992 -0.4757
vn -0.7838 0.2124 -0.5835
vn 0.7838 0.2124 -0.5835
vt 0.408612 0.009203
vt 0.408612 0.048749
vt 0.368171 0.048749
vt 0.368171 0.009203
vt 0.448772 0.009203
vt 0.448772 0.048749
vt 0.489213 0.009203
vt 0.489213 0.048749
vt 0.529653 0.009203
vt 0.529653 0.048749
vt 0.570093 0.009203
vt 0.570093 0.048749
vt 0.610533 0.009203
vt 0.610533 0.048749
vt 0.650973 0.009203
vt 0.650973 0.048749
vt 0.691134 0.009203
vt 0.691134 0.048749
vt 0.731574 0.009203
vt 0.731574 0.048749
vt 0.044930 0.009203
vt 0.044930 0.048749
vt 0.004490 0.048749
vt 0.004490 0.009203
vt 0.085370 0.009203
vt 0.085370 0.048749
vt 0.125810 0.009203
vt 0.125810 0.048749
vt 0.166250 0.009203
vt 0.166250 0.048749
vt 0.206690 0.009203
vt 0.206690 0.048749
vt 0.246851 0.009203
vt 0.246851 0.048749
vt 0.287291 0.009203
vt 0.287291 0.048749
vt 0.327731 0.009203
vt 0.327731 0.048749
vt 0.228036 0.105103
vt 0.238292 0.101428
vt 0.242139 0.122624
vt 0.231199 0.122624
vt 0.219062 0.089804
vt 0.227438 0.082881
vt 0.205301 0.078436
vt 0.210771 0.069120
vt 0.188378 0.072368
vt 0.190258 0.061770
vt 0.170429 0.072368
vt 0.168549 0.061770
vt 0.153506 0.078437
vt 0.148036 0.069121
vt 0.139745 0.089804
vt 0.131369 0.082881
vt 0.130771 0.105104
vt 0.120515 0.101428
vt 0.127609 0.122625
vt 0.116669 0.122625
vt 0.130771 0.140061
vt 0.120515 0.143736
vt 0.139746 0.155360
vt 0.131370 0.162283
vt 0.153507 0.166727
vt 0.148037 0.176044
vt 0.170430 0.172796
vt 0.168549 0.183394
vt 0.188378 0.172795
vt 0.190259 0.183394
vt 0.205301 0.166727
vt 0.210772 0.176043
vt 0.219062 0.155359
vt 0.227438 0.162282
vt 0.228036 0.140060
vt 0.238293 0.143735
vt 0.120701 0.102358
vt 0.179408 0.123393
vt 0.116908 0.123393
vt 0.120701 0.144427
vt 0.131563 0.162875
vt 0.148201 0.176582
vt 0.168546 0.183910
vt 0.190184 0.183910
vt 0.210615 0.176582
vt 0.227253 0.162875
vt 0.238029 0.144427
vt 0.241822 0.123393
vt 0.238029 0.102358
vt 0.227253 0.083824
vt 0.210615 0.070117
vt 0.190184 0.062789
vt 0.168546 0.062789
vt 0.148201 0.070117
vt 0.131563 0.083824
vt 0.231199 0.122624
vt 0.179404 0.122625
vt 0.228036 0.105103
vt 0.219062 0.089804
vt 0.205301 0.078436
vt 0.188378 0.072368
vt 0.170429 0.072368
vt 0.153506 0.078437
vt 0.139745 0.089804
vt 0.130771 0.105104
vt 0.127609 0.122625
vt 0.130771 0.140061
vt 0.139746 0.155360
vt 0.153507 0.166727
vt 0.170430 0.172796
vt 0.188378 0.172795
vt 0.205301 0.166727
vt 0.219062 0.155359
vt 0.228036 0.140060
vt 0.408612 0.053422
vt 0.368171 0.053422
vt 0.368171 0.004530
vt 0.408612 0.004530
vt 0.448772 0.053422
vt 0.448772 0.004530
vt 0.489213 0.053422
vt 0.489213 0.004530
vt 0.529653 0.053422
vt 0.529653 0.004530
vt 0.570093 0.053422
vt 0.570093 0.004530
vt 0.610533 0.053422
vt 0.610533 0.004530
vt 0.650973 0.053422
vt 0.650973 0.004530
vt 0.691134 0.053422
vt 0.691134 0.004530
vt 0.731574 0.053422
vt 0.731574 0.004530
vt 0.044930 0.053422
vt 0.004490 0.053422
vt 0.004490 0.004530
vt 0.044930 0.004530
vt 0.085370 0.053422
vt 0.085370 0.004530
vt 0.125810 0.053422
vt 0.125810 0.004530
vt 0.166250 0.053422
vt 0.166250 0.004530
vt 0.206690 0.053422
vt 0.206690 0.004530
vt 0.246851 0.053422
vt 0.246851 0.004530
vt 0.287291 0.053422
vt 0.287291 0.004530
vt 0.327731 0.053422
vt 0.327731 0.004530
s 1
f 1916/1916/1087 1917/1917/1089 1918/1918/1088
f 1916/1916/1087 1918/1918/1088 1919/1919/1090
f 1920/1920/1091 1921/1921/1092 1917/1917/1089
f 1920/1920/1091 1917/1917/1089 1916/1916/1087
f 1922/1922/1093 1923/1923/1094 1921/1921/1092
f 1922/1922/1093 1921/1921/1092 1920/1920/1091
f 1924/1924/1095 1925/1925/1096 1923/1923/1094
f 1924/1924/1095 1923/1923/1094 1922/1922/1093
f 1926/1926/1097 1927/1927/1098 1925/1925/1096
f 1926/1926/1097 1925/1925/1096 1924/1924/1095
f 1928/1928/1099 1929/1929/1100 1927/1927/1098
f 1928/1928/1099 1927/1927/1098 1926/1926/1097
f 1930/1930/1101 1931/1931/1102 1929/1929/1100
f 1930/1930/1101 1929/1929/1100 1928/1928/1099
f 1932/1932/1103 1933/1933/1104 1931/1931/1102
f 1932/1932/1103 1931/1931/1102 1930/1930/1101
f 1934/1934/1105 1935/1935/1106 1933/1933/1104
f 1934/1934/1105 1933/1933/1104 1932/1932/1103
f 1936/1936/1107 1937/1937/1109 1938/1938/1108
f 1936/1936/1107 1938/1938/1108 1939/1939/1110
f 1940/1940/1111 1941/1941/1112 1937/1937/1109
f 1940/1940/1111 1937/1937/1109 1936/1936/1107
f 1942/1942/1113 1943/1943/1114 1941/1941/1112
f 1942/1942/1113 1941/1941/1112 1940/1940/1111
f 1944/1944/1115 1945/1945/1116 1943/1943/1114
f 1944/1944/1115 1943/1943/1114 1942/1942/1113
f 1946/1946/1117 1947/1947/1118 1945/1945/1116
f 1946/1946/1117 1945/1945/1116 1944/1944/1115
f 1948/1948/1119 1949/1949/1120 1947/1947/1118
f 1948/1948/1119 1947/1947/1118 1946/1946/1117
f 1950/1950/1121 1951/1951/1122 1949/1949/1120
f 1950/1950/1121 1949/1949/1120 1948/1948/1119
f 1952/1952/1123 1953/1953/1124 1951/1951/1122
f 1952/1952/1123 1951/1951/1122 1950/1950/1121
f 1919/1919/1090 1918/1918/1088 1953/1953/1124
f 1919/1919/1090 1953/1953/1124 1952/1952/1123
f 1954/1954/1125 1955/1955/1125 1956/1956/1125
f 1954/1954/1125 1956/1956/1125 1957/1957/1125
f 1958/1958/1125 1959/1959/1125 1955/1955/1125
f 1958/1958/1125 1955/1955/1125 1954/1954/1125
f 1960/1960/1125 1961/1961/1125 1959/1959/1125
f 1960/1960/1125 1959/1959/1125 1958/1958/1125
f 1962/1962/1125 1963/1963/1125 1961/1961/1125
f 1962/1962/1125 1961/1961/1125 1960/1960/1125
f 1964/1964/1125 1965/1965/1125 1963/1963/1125
f 1964/1964/1125 1963/1963/1125 1962/1962/1125
f 1966/1966/1125 1967/1967/1125 1965/1965/1125
f 1966/1966/1125 1965/1965/1125 1964/1964/1125
f 1968/1968/1125 1969/1969/1125 1967/1967/1125
f 1968/1968/1125 1967/1967/1125 1966/1966/1125
f 1970/1970/1125 1971/1971/1125 1969/1969/1125
f 1970/1970/1125 1969/1969/1125 1968/1968/1125
f 1972/1972/1125 1973/1973/1125 1971/1971/1125
f 1972/1972/1125 1971/1971/1125 1970/1970/1125
f 1974/1974/1125 1975/1975/1125 1973/1973/1125
f 1974/1974/1125 1973/1973/1125 1972/1972/1125
f 1976/1976/1125 1977/1977/1125 1975/1975/1125
f 1976/1976/1125 1975/1975/1125 1974/1974/1125
f 1978/1978/1125 1979/1979/1125 1977/1977/1125
f 1978/1978/1125 1977/1977/1125 1976/1976/1125
f 1980/1980/1125 1981/1981/1125 1979/1979/1125
f 1980/1980/1125 1979/1979/1125 1978/1978/1125
f 1982/1982/1125 1983/1983/1125 1981/1981/1125
f 1982/1982/1125 1981/1981/1125 1980/1980/1125
f 1984/1984/1125 1985/1985/1125 1983/1983/1125
f 1984/1984/1125 1983/1983/1125 1982/1982/1125
f 1986/1986/1125 1987/1987/1125 1985/1985/1125
f 1986/1986/1125 1985/1985/1125 1984/1984/1125
f 1988/1988/1125 1989/1989/1125 1987/1987/1125
f 1988/1988/1125 1987/1987/1125 1986/1986/1125
f 1957/1957/1125 1956/1956/1125 1989/1989/1125
f 1957/1957/1125 1989/1989/1125 1988/1988/1125
f 1990/1990/1126 1991/1991/1126 1992/1992/1126
f 1992/1992/1126 1991/1991/1126 1993/1993/1126
f 1993/1993/1126 1991/1991/1126 1994/1994/1126
f 1994/1994/1126 1991/1991/1126 1995/1995/1126
f 1995/1995/1126 1991/1991/1126 1996/1996/1126
f 1996/1996/1126 1991/1991/1126 1997/1997/1126
f 1997/1997/1126 1991/1991/1126 1998/1998/1126
f 1998/1998/1126 1991/1991/1126 1999/1999/1126
f 1999/1999/1126 1991/1991/1126 2000/2000/1126
f 2000/2000/1126 1991/1991/1126 2001/2001/1126
f 2001/2001/1126 1991/1991/1126 2002/2002/1126
f 2002/2002/1126 1991/1991/1126 2003/2003/1126
f 2003/2003/1126 1991/1991/1126 2004/2004/1126
f 2004/2004/1126 1991/1991/1126 2005/2005/1126
f 2005/2005/1126 1991/1991/1126 2006/2006/1126
f 2006/2006/1126 1991/1991/1126 2007/2007/1126
f 2007/2007/1126 1991/1991/1126 2008/2008/1126
f 2008/2008/1126 1991/1991/1126 1990/1990/1126
f 2009/2009/1127 2010/2010/1125 2011/2011/1128
f 2011/2011/1128 2010/2010/1125 2012/2012/1129
f 2012/2012/1129 2010/2010/1125 2013/2013/1130
f 2013/2013/1130 2010/2010/1125 2014/2014/1131
f 2014/2014/1131 2010/2010/1125 2015/2015/1132
f 2015/2015/1132 2010/2010/1125 2016/2016/1133
f 2016/2016/1133 2010/2010/1125 2017/2017/1134
f 2017/2017/1134 2010/2010/1125 2018/2018/1135
f 2018/2018/1135 2010/2010/1125 2019/2019/1136
f 2019/2019/1136 2010/2010/1125 2020/2020/1137
f 2020/2020/1137 2010/2010/1125 2021/2021/1138
f 2021/2021/1138 2010/2010/1125 2022/2022/1139
f 2022/2022/1139 2010/2010/1125 2023/2023/1140
f 2023/2023/1140 2010/2010/1125 2024/2024/1141
f 2024/2024/1141 2010/2010/1125 2025/2025/1142
f 2025/2025/1142 2010/2010/1125 2026/2026/1143
f 2026/2026/1143 2010/2010/1125 2027/2027/1144
f 2027/2027/1144 2010/2010/1125 2009/2009/1127
f 1918/1918/1088 1917/1917/1089 2028/2028/1145
f 1918/1918/1088 2028/2028/1145 2029/2029/1146
f 1916/1916/1087 1919/1919/1090 2030/2030/1147
f 1916/1916/1087 2030/2030/1147 2031/2031/1148
f 1917/1917/1089 1921/1921/1092 2032/2032/1149
f 1917/1917/1089 2032/2032/1149 2028/2028/1145
f 1920/1920/1091 1916/1916/1087 2031/2031/1148
f 1920/1920/1091 2031/2031/1148 2033/2033/1150
f 1921/1921/1092 1923/1923/1094 2034/2034/1151
f 1921/1921/1092 2034/2034/1151 2032/2032/1149
f 1922/1922/1093 1920/1920/1091 2033/2033/1150
f 1922/1922/1093 2033/2033/1150 2035/2035/1152
f 1923/1923/1094 1925/1925/1096 2036/2036/1153
f 1923/1923/1094 2036/2036/1153 2034/2034/1151
f 1924/1924/1095 1922/1922/1093 2035/2035/1152
f 1924/1924/1095 2035/2035/1152 2037/2037/1154
f 1925/1925/1096 1927/1927/1098 2038/2038/1155
f 1925/1925/1096 2038/2038/1155 2036/2036/1153
f 1926/1926/1097 1924/1924/1095 2037/2037/1154
f 1926/1926/1097 2037/2037/1154 2039/2039/1156
f 1927/1927/1098 1929/1929/1100 2040/2040/1157
f 1927/1927/1098 2040/2040/1157 2038/2038/1155
f 1928/1928/1099 1926/1926/1097 2039/2039/1156
f 1928/1928/1099 2039/2039/1156 2041/2041/1158
f 1929/1929/1100 1931/1931/1102 2042/2042/1159
f 1929/1929/1100 2042/2042/1159 2040/2040/1157
f 1930/1930/1101 1928/1928/1099 2041/2041/1158
f 1930/1930/1101 2041/2041/1158 2043/2043/1160
f 1931/1931/1102 1933/1933/1104 2044/2044/1161
f 1931/1931/1102 2044/2044/1161 2042/2042/1159
f 1932/1932/1103 1930/1930/1101 2043/2043/1160
f 1932/1932/1103 2043/2043/1160 2045/2045/1162
f 1933/1933/1104 1935/1935/1106 2046/2046/1163
f 1933/1933/1104 2046/2046/1163 2044/2044/1161
f 1934/1934/1105 1932/1932/1103 2045/2045/1162
f 1934/1934/1105 2045/2045/1162 2047/2047/1164
f 1938/1938/1108 1937/1937/1109 2048/2048/1165
f 1938/1938/1108 2048/2048/1165 2049/2049/1166
f 1936/1936/1107 1939/1939/1110 2050/2050/1167
f 1936/1936/1107 2050/2050/1167 2051/2051/1168
f 1937/1937/1109 1941/1941/1112 2052/2052/1169
f 1937/1937/1109 2052/2052/1169 2048/2048/1165
f 1940/1940/1111 1936/1936/1107 2051/2051/1168
f 1940/1940/1111 2051/2051/1168 2053/2053/1170
f 1941/1941/1112 1943/1943/1114 2054/2054/1171
f 1941/1941/1112 2054/2054/1171 2052/2052/1169
f 1942/1942/1113 1940/1940/1111 2053/2053/1170
f 1942/1942/1113 2053/2053/1170 2055/2055/1172
f 1943/1943/1114 1945/1945/1116 2056/2056/1173
f 1943/1943/1114 2056/2056/1173 2054/2054/1171
f 1944/1944/1115 1942/1942/1113 2055/2055/1172
f 1944/1944/1115 2055/2055/1172 2057/2057/1174
f 1945/1945/1116 1947/1947/1118 2058/2058/1175
f 1945/1945/1116 2058/2058/1175 2056/2056/1173
f 1946/1946/1117 1944/1944/1115 2057/2057/1174
f 1946/1946/1117 2057/2057/1174 2059/2059/1176
f 1947/1947/1118 1949/1949/1120 2060/2060/1177
f 1947/1947/1118 2060/2060/1177 2058/2058/1175
f 1948/1948/1119 1946/1946/1117 2059/2059/1176
f 1948/1948/1119 2059/2059/1176 2061/2061/1178
f 1949/1949/1120 1951/1951/1122 2062/2062/1179
f 1949/1949/1120 2062/2062/1179 2060/2060/1177
f 1950/1950/1121 1948/1948/1119 2061/2061/1178
f 1950/1950/1121 2061/2061/1178 2063/2063/1180
f 1951/1951/1122 1953/1953/1124 2064/2064/1181
f 1951/1951/1122 2064/2064/1181 2062/2062/1179
f 1952/1952/1123 1950/1950/1121 2063/2063/1180
f 1952/1952/1123 2063/2063/1180 2065/2065/1182
f 1953/1953/1124 1918/1918/1088 2029/2029/1146
f 1953/1953/1124 2029/2029/1146 2064/2064/1181
f 1919/1919/1090 1952/1952/1123 2065/2065/1182
f 1919/1919/1090 2065/2065/1182 2030/2030/1147
o rueda_frente_izq
v -1.165542 0.309566 -2.274616
v -1.165542 0.469731 -2.302857
v -0.923799 0.469731 -2.302857
v -0.923799 0.309566 -2.274616
v -1.165542 0.168719 -2.193298
v -0.923799 0.168719 -2.193298
v -1.165542 0.064179 -2.068712
v -0.923799 0.064179 -2.068712
v -1.165542 0.008554 -1.915884
v -0.923799 0.008554 -1.915884
v -1.165542 0.008554 -1.753247
v -0.923799 0.008554 -1.753248
v -1.165542 0.064179 -1.600420
v -0.923799 0.064179 -1.600421
v -1.165542 0.168719 -1.475834
v -0.923799 0.168719 -1.475834
v -1.165542 0.309566 -1.394516
v -0.923798 0.309566 -1.394516
v -1.165542 0.469731 -1.366275
v -0.923798 0.469731 -1.366275
v -1.165542 0.629896 -1.394516
v -1.165542 0.469731 -1.366275
v -0.923798 0.469731 -1.366275
v -0.923798 0.629896 -1.394517
v -1.165542 0.770743 -1.475834
v -0.923798 0.770743 -1.475834
v -1.165542 0.875283 -1.600421
v -0.923798 0.875283 -1.600421
v -1.165542 0.930908 -1.753248
v -0.923798 0.930908 -1.753249
v -1.165542 0.930908 -1.915884
v -0.923798 0.930908 -1.915884
v -1.165542 0.875283 -2.068712
v -0.923799 0.875283 -2.068712
v -1.165542 0.770743 -2.193298
v -0.923799 0.770743 -2.193298
v -1.165542 0.629896 -2.274616
v -0.923799 0.629896 -2.274616
v -1.194122 0.347634 -2.170025
v -1.194122 0.469731 -2.191554
v -1.194122 0.469731 -2.266782
v -1.194122 0.321904 -2.240716
v -1.194122 0.240263 -2.108035
v -1.194122 0.191908 -2.165663
v -1.194122 0.160570 -2.013060
v -1.194122 0.095421 -2.050674
v -1.194122 0.118166 -1.896556
v -1.194122 0.044082 -1.909619
v -1.194122 0.118166 -1.772576
v -1.194122 0.044082 -1.759512
v -1.194122 0.160570 -1.656072
v -1.194122 0.095421 -1.618458
v -1.194122 0.240263 -1.561097
v -1.194122 0.191908 -1.503469
v -1.194122 0.347634 -1.499107
v -1.194122 0.321905 -1.428416
v -1.194122 0.469731 -1.477578
v -1.194121 0.469731 -1.402350
v -1.194122 0.591828 -1.499107
v -1.194121 0.617558 -1.428416
v -1.194121 0.699199 -1.561097
v -1.194121 0.747554 -1.503469
v -1.194121 0.778892 -1.656072
v -1.194121 0.844041 -1.618458
v -1.194122 0.821296 -1.772576
v -1.194122 0.895380 -1.759513
v -1.194122 0.821296 -1.896556
v -1.194121 0.895380 -1.909620
v -1.194122 0.778892 -2.013060
v -1.194122 0.844041 -2.050673
v -1.194122 0.699199 -2.108035
v -1.194122 0.747554 -2.165662
v -1.194122 0.591828 -2.170025
v -1.194122 0.617558 -2.240716
v -0.895219 0.321904 -2.240716
v -0.895219 0.469731 -2.266782
v -0.895219 0.469731 -1.834566
v -0.895219 0.617558 -2.240716
v -0.895219 0.747554 -2.165662
v -0.895219 0.844041 -2.050674
v -0.895219 0.895380 -1.909620
v -0.895219 0.895380 -1.759513
v -0.895219 0.844041 -1.618458
v -0.895219 0.747554 -1.503470
v -0.895219 0.617557 -1.428416
v -0.895219 0.469731 -1.402350
v -0.895219 0.321905 -1.428416
v -0.895219 0.191908 -1.503469
v -0.895219 0.095421 -1.618458
v -0.895219 0.044082 -1.759513
v -0.895219 0.044082 -1.909620
v -0.895219 0.095421 -2.050674
v -0.895219 0.191908 -2.165663
v -1.194122 0.469731 -2.191554
v -1.194122 0.347634 -2.170025
v -1.242700 0.469731 -1.834566
v -1.194122 0.240263 -2.108035
v -1.194122 0.160570 -2.013060
v -1.194122 0.118166 -1.896556
v -1.194122 0.118166 -1.772576
v -1.194122 0.160570 -1.656072
v -1.194122 0.240263 -1.561097
v -1.194122 0.347634 -1.499107
v -1.194122 0.469731 -1.477578
v -1.194122 0.591828 -1.499107
v -1.194121 0.699199 -1.561097
v -1.194121 0.778892 -1.656072
v -1.194122 0.821296 -1.772576
v -1.194122 0.821296 -1.896556
v -1.194122 0.778892 -2.013060
v -1.194122 0.699199 -2.108035
v -1.194122 0.591828 -2.170025
v -0.923799 0.469731 -2.302857
v -0.895219 0.469731 -2.266782
v -0.895219 0.321904 -2.240716
v -0.923799 0.309566 -2.274616
v -1.165542 0.309566 -2.274616
v -1.194122 0.321904 -2.240716
v -1.194122 0.469731 -2.266782
v -1.165542 0.469731 -2.302857
v -0.895219 0.191908 -2.165663
v -0.923799 0.168719 -2.193298
v -1.165542 0.168719 -2.193298
v -1.194122 0.191908 -2.165663
v -0.895219 0.095421 -2.050674
v -0.923799 0.064179 -2.068712
v -1.165542 0.064179 -2.068712
v -1.194122 0.095421 -2.050674
v -0.895219 0.044082 -1.909620
v -0.923799 0.008554 -1.915884
v -1.165542 0.008554 -1.915884
v -1.194122 0.044082 -1.909619
v -0.895219 0.044082 -1.759513
v -0.923799 0.008554 -1.753248
v -1.165542 0.008554 -1.753247
v -1.194122 0.044082 -1.759512
v -0.895219 0.095421 -1.618458
v -0.923799 0.064179 -1.600421
v -1.165542 0.064179 -1.600420
v -1.194122 0.095421 -1.618458
v -0.895219 0.191908 -1.503469
v -0.923799 0.168719 -1.475834
v -1.165542 0.168719 -1.475834
v -1.194122 0.191908 -1.503469
v -0.895219 0.321905 -1.428416
v -0.923798 0.309566 -1.394516
v -1.165542 0.309566 -1.394516
v -1.194122 0.321905 -1.428416
v -0.895219 0.469731 -1.402350
v -0.923798 0.469731 -1.366275
v -1.165542 0.469731 -1.366275
v -1.194121 0.469731 -1.402350
v -0.923798 0.469731 -1.366275
v -0.895219 0.469731 -1.402350
v -0.895219 0.617557 -1.428416
v -0.923798 0.629896 -1.394517
v -1.165542 0.629896 -1.394516
v -1.194121 0.617558 -1.428416
v -1.194121 0.469731 -1.402350
v -1.165542 0.469731 -1.366275
v -0.895219 0.747554 -1.503470
v -0.923798 0.770743 -1.475834
v -1.165542 0.770743 -1.475834
v -1.194121 0.747554 -1.503469
v -0.895219 0.844041 -1.618458
v -0.923798 0.875283 -1.600421
v -1.165542 0.875283 -1.600421
v -1.194121 0.844041 -1.618458
v -0.895219 0.895380 -1.759513
v -0.923798 0.930908 -1.753249
v -1.165542 0.930908 -1.753248
v -1.194122 0.895380 -1.759513
v -0.895219 0.895380 -1.909620
v -0.923798 0.930908 -1.915884
v -1.165542 0.930908 -1.915884
v -1.194121 0.895380 -1.909620
v -0.895219 0.844041 -2.050674
v -0.923799 0.875283 -2.068712
v -1.165542 0.875283 -2.068712
v -1.194122 0.844041 -2.050673
v -0.895219 0.747554 -2.165662
v -0.923799 0.770743 -2.193298
v -1.165542 0.770743 -2.193298
v -1.194122 0.747554 -2.165662
v -0.895219 0.617558 -2.240716
v -0.923799 0.629896 -2.274616
v -1.165542 0.629896 -2.274616
v -1.194122 0.617558 -2.240716
vn -0.0000 -0.3420 -0.9397
vn -0.0000 -0.0000 -1.0000
vn -0.0000 -0.6428 -0.7660
vn -0.0000 -0.8660 -0.5000
vn -0.0000 -0.9848 -0.1736
vn -0.0000 -0.9848 0.1736
vn -0.0000 -0.8660 0.5000
vn -0.0000 -0.6428 0.7660
vn -0.0000 -0.3420 0.9397
vn -0.0000 -0.1736 0.9848
vn -0.0000 0.3420 0.9397
vn -0.0000 0.1736 0.9848
vn -0.0000 0.6428 0.7660
vn -0.0000 0.8660 0.5000
vn -0.0000 0.9848 0.1736
vn -0.0000 0.9848 -0.1736
vn -0.0000 0.8660 -0.5000
vn -0.0000 0.6428 -0.7660
vn -0.0000 0.3420 -0.9397
vn -1.0000 -0.0000 -0.0000
vn 1.0000 -0.0000 -0.0000
vn -0.9909 -0.0000 -0.1348
vn -0.9909 -0.0461 -0.1267
vn -0.9909 -0.0867 -0.1033
vn -0.9909 -0.1168 -0.0674
vn -0.9909 -0.1328 -0.0234
vn -0.9909 -0.1328 0.0234
vn -0.9909 -0.1168 0.0674
vn -0.9909 -0.0867 0.1033
vn -0.9909 -0.0461 0.1267
vn -0.9909 -0.0000 0.1348
vn -0.9909 0.0461 0.1267
vn -0.9909 0.0867 0.1033
vn -0.9909 0.1168 0.0674
vn -0.9909 0.1328 0.0234
vn -0.9909 0.1328 -0.0234
vn -0.9909 0.1168 -0.0674
vn -0.9909 0.0867 -0.1033
vn -0.9909 0.0461 -0.1267
vn 0.7838 -0.0000 -0.6210
vn 0.7838 -0.2124 -0.5835
vn -0.7838 -0.2124 -0.5835
vn -0.7838 -0.0000 -0.6210
vn 0.7838 -0.3992 -0.4757
vn -0.7838 -0.3992 -0.4757
vn 0.7838 -0.5378 -0.3105
vn -0.7838 -0.5378 -0.3105
vn 0.7838 -0.6115 -0.1078
vn -0.7838 -0.6115 -0.1078
vn 0.7838 -0.6115 0.1078
vn -0.7838 -0.6115 0.1078
vn 0.7838 -0.5378 0.3105
vn -0.7838 -0.5378 0.3105
vn 0.7838 -0.3992 0.4757
vn -0.7838 -0.3992 0.4757
vn 0.7838 -0.2124 0.5835
vn -0.7838 -0.2124 0.5835
vn 0.7792 -0.1088 0.6173
vn -0.7792 -0.1088 0.6173
vn 0.7792 0.1088 0.6173
vn 0.7838 0.2124 0.5835
vn -0.7838 0.2124 0.5835
vn -0.7792 0.1088 0.6173
vn 0.7838 0.3991 0.4757
vn -0.7838 0.3991 0.4757
vn 0.7838 0.5378 0.3105
vn -0.7838 0.5378 0.3105
vn 0.7838 0.6115 0.1078
vn -0.7838 0.6115 0.1078
vn 0.7838 0.6115 -0.1078
vn -0.7838 0.6115 -0.1078
vn 0.7838 0.5378 -0.3105
vn -0.7838 0.5378 -0.3105
vn 0.7838 0.3992 -0.4757
vn -0.7838 0.3992 -0.4757
vn 0.7838 0.2124 -0.5835
vn -0.7838 0.2124 -0.5835
vt 0.408612 0.048727
vt 0.368171 0.048727
vt 0.368171 0.009180
vt 0.408612 0.009180
vt 0.448772 0.048727
vt 0.448772 0.009180
vt 0.489213 0.048727
vt 0.489213 0.009180
vt 0.529653 0.048727
vt 0.529653 0.009180
vt 0.570093 0.048727
vt 0.570093 0.009180
vt 0.610533 0.048727
vt 0.610533 0.009180
vt 0.650973 0.048727
vt 0.650973 0.009180
vt 0.691134 0.048727
vt 0.691134 0.009180
vt 0.731574 0.048727
vt 0.731574 0.009180
vt 0.044930 0.048727
vt 0.004490 0.048727
vt 0.004490 0.009180
vt 0.044930 0.009180
vt 0.085370 0.048727
vt 0.085370 0.009180
vt 0.125810 0.048727
vt 0.125810 0.009180
vt 0.166250 0.048727
vt 0.166250 0.009180
vt 0.206690 0.048727
vt 0.206690 0.009180
vt 0.246851 0.048727
vt 0.246851 0.009180
vt 0.287291 0.048727
vt 0.287291 0.009180
vt 0.327731 0.048727
vt 0.327731 0.009180
vt 0.130771 0.105103
vt 0.127609 0.122624
vt 0.116669 0.122624
vt 0.120515 0.101428
vt 0.139746 0.089804
vt 0.131370 0.082881
vt 0.153507 0.078436
vt 0.148037 0.069120
vt 0.170430 0.072368
vt 0.168549 0.061770
vt 0.188378 0.072368
vt 0.190259 0.061770
vt 0.205301 0.078437
vt 0.210772 0.069121
vt 0.219062 0.089804
vt 0.227438 0.082881
vt 0.228036 0.105104
vt 0.238293 0.101428
vt 0.231199 0.122625
vt 0.242139 0.122625
vt 0.228036 0.140061
vt 0.238292 0.143736
vt 0.219062 0.155360
vt 0.227438 0.162283
vt 0.205301 0.166727
vt 0.210771 0.176044
vt 0.188378 0.172796
vt 0.190258 0.183394
vt 0.170429 0.172795
vt 0.168549 0.183394
vt 0.153506 0.166727
vt 0.148036 0.176043
vt 0.139745 0.155359
vt 0.131369 0.162282
vt 0.130771 0.140060
vt 0.120515 0.143735
vt 0.238106 0.102358
vt 0.241899 0.123393
vt 0.179399 0.123393
vt 0.238106 0.144427
vt 0.227244 0.162875
vt 0.210606 0.176582
vt 0.190261 0.183910
vt 0.168623 0.183910
vt 0.148192 0.176582
vt 0.131555 0.162875
vt 0.120779 0.144427
vt 0.116986 0.123393
vt 0.120779 0.102358
vt 0.131555 0.083824
vt 0.148192 0.070117
vt 0.168623 0.062789
vt 0.190261 0.062789
vt 0.210606 0.070117
vt 0.227244 0.083824
vt 0.127609 0.122624
vt 0.130771 0.105103
vt 0.179404 0.122625
vt 0.139746 0.089804
vt 0.153507 0.078436
vt 0.170430 0.072368
vt 0.188378 0.072368
vt 0.205301 0.078437
vt 0.219062 0.089804
vt 0.228036 0.105104
vt 0.231199 0.122625
vt 0.228036 0.140061
vt 0.219062 0.155360
vt 0.205301 0.166727
vt 0.188378 0.172796
vt 0.170429 0.172795
vt 0.153506 0.166727
vt 0.139745 0.155359
vt 0.130771 0.140060
vt 0.368171 0.009180
vt 0.368171 0.004508
vt 0.408612 0.004508
vt 0.408612 0.009180
vt 0.408612 0.048727
vt 0.408612 0.053399
vt 0.368171 0.053399
vt 0.368171 0.048727
vt 0.448772 0.004508
vt 0.448772 0.009180
vt 0.448772 0.048727
vt 0.448772 0.053399
vt 0.489213 0.004508
vt 0.489213 0.009180
vt 0.489213 0.048727
vt 0.489213 0.053399
vt 0.529653 0.004508
vt 0.529653 0.009180
vt 0.529653 0.048727
vt 0.529653 0.053399
vt 0.570093 0.004508
vt 0.570093 0.009180
vt 0.570093 0.048727
vt 0.570093 0.053399
vt 0.610533 0.004508
vt 0.610533 0.009180
vt 0.610533 0.048727
vt 0.610533 0.053399
vt 0.650973 0.004508
vt 0.650973 0.009180
vt 0.650973 0.048727
vt 0.650973 0.053399
vt 0.691134 0.004508
vt 0.691134 0.009180
vt 0.691134 0.048727
vt 0.691134 0.053399
vt 0.731574 0.004508
vt 0.731574 0.009180
vt 0.731574 0.048727
vt 0.731574 0.053399
vt 0.004490 0.009180
vt 0.004490 0.004508
vt 0.044930 0.004508
vt 0.044930 0.009180
vt 0.044930 0.048727
vt 0.044930 0.053399
vt 0.004490 0.053399
vt 0.004490 0.048727
vt 0.085370 0.004508
vt 0.085370 0.009180
vt 0.085370 0.048727
vt 0.085370 0.053399
vt 0.125810 0.004508
vt 0.125810 0.009180
vt 0.125810 0.048727
vt 0.125810 0.053399
vt 0.166250 0.004508
vt 0.166250 0.009180
vt 0.166250 0.048727
vt 0.166250 0.053399
vt 0.206690 0.004508
vt 0.206690 0.009180
vt 0.206690 0.048727
vt 0.206690 0.053399
vt 0.246851 0.004508
vt 0.246851 0.009180
vt 0.246851 0.048727
vt 0.246851 0.053399
vt 0.287291 0.004508
vt 0.287291 0.009180
vt 0.287291 0.048727
vt 0.287291 0.053399
vt 0.327731 0.004508
vt 0.327731 0.009180
vt 0.327731 0.048727
vt 0.327731 0.053399
s 1
f 2066/2066/1183 2067/2067/1184 2068/2068/1184
f 2066/2066/1183 2068/2068/1184 2069/2069/1183
f 2070/2070/1185 2066/2066/1183 2069/2069/1183
f 2070/2070/1185 2069/2069/1183 2071/2071/1185
f 2072/2072/1186 2070/2070/1185 2071/2071/1185
f 2072/2072/1186 2071/2071/1185 2073/2073/1186
f 2074/2074/1187 2072/2072/1186 2073/2073/1186
f 2074/2074/1187 2073/2073/1186 2075/2075/1187
f 2076/2076/1188 2074/2074/1187 2075/2075/1187
f 2076/2076/1188 2075/2075/1187 2077/2077/1188
f 2078/2078/1189 2076/2076/1188 2077/2077/1188
f 2078/2078/1189 2077/2077/1188 2079/2079/1189
f 2080/2080/1190 2078/2078/1189 2079/2079/1189
f 2080/2080/1190 2079/2079/1189 2081/2081/1190
f 2082/2082/1191 2080/2080/1190 2081/2081/1190
f 2082/2082/1191 2081/2081/1190 2083/2083/1191
f 2084/2084/1192 2082/2082/1191 2083/2083/1191
f 2084/2084/1192 2083/2083/1191 2085/2085/1192
f 2086/2086/1193 2087/2087/1194 2088/2088/1194
f 2086/2086/1193 2088/2088/1194 2089/2089/1193
f 2090/2090/1195 2086/2086/1193 2089/2089/1193
f 2090/2090/1195 2089/2089/1193 2091/2091/1195
f 2092/2092/1196 2090/2090/1195 2091/2091/1195
f 2092/2092/1196 2091/2091/1195 2093/2093/1196
f 2094/2094/1197 2092/2092/1196 2093/2093/1196
f 2094/2094/1197 2093/2093/1196 2095/2095/1197
f 2096/2096/1198 2094/2094/1197 2095/2095/1197
f 2096/2096/1198 2095/2095/1197 2097/2097/1198
f 2098/2098/1199 2096/2096/1198 2097/2097/1198
f 2098/2098/1199 2097/2097/1198 2099/2099/1199
f 2100/2100/1200 2098/2098/1199 2099/2099/1199
f 2100/2100/1200 2099/2099/1199 2101/2101/1200
f 2102/2102/1201 2100/2100/1200 2101/2101/1200
f 2102/2102/1201 2101/2101/1200 2103/2103/1201
f 2067/2067/1184 2102/2102/1201 2103/2103/1201
f 2067/2067/1184 2103/2103/1201 2068/2068/1184
f 2104/2104/1202 2105/2105/1202 2106/2106/1202
f 2104/2104/1202 2106/2106/1202 2107/2107/1202
f 2108/2108/1202 2104/2104/1202 2107/2107/1202
f 2108/2108/1202 2107/2107/1202 2109/2109/1202
f 2110/2110/1202 2108/2108/1202 2109/2109/1202
f 2110/2110/1202 2109/2109/1202 2111/2111/1202
f 2112/2112/1202 2110/2110/1202 2111/2111/1202
f 2112/2112/1202 2111/2111/1202 2113/2113/1202
f 2114/2114/1202 2112/2112/1202 2113/2113/1202
f 2114/2114/1202 2113/2113/1202 2115/2115/1202
f 2116/2116/1202 2114/2114/1202 2115/2115/1202
f 2116/2116/1202 2115/2115/1202 2117/2117/1202
f 2118/2118/1202 2116/2116/1202 2117/2117/1202
f 2118/2118/1202 2117/2117/1202 2119/2119/1202
f 2120/2120/1202 2118/2118/1202 2119/2119/1202
f 2120/2120/1202 2119/2119/1202 2121/2121/1202
f 2122/2122/1202 2120/2120/1202 2121/2121/1202
f 2122/2122/1202 2121/2121/1202 2123/2123/1202
f 2124/2124/1202 2122/2122/1202 2123/2123/1202
f 2124/2124/1202 2123/2123/1202 2125/2125/1202
f 2126/2126/1202 2124/2124/1202 2125/2125/1202
f 2126/2126/1202 2125/2125/1202 2127/2127/1202
f 2128/2128/1202 2126/2126/1202 2127/2127/1202
f 2128/2128/1202 2127/2127/1202 2129/2129/1202
f 2130/2130/1202 2128/2128/1202 2129/2129/1202
f 2130/2130/1202 2129/2129/1202 2131/2131/1202
f 2132/2132/1202 2130/2130/1202 2131/2131/1202
f 2132/2132/1202 2131/2131/1202 2133/2133/1202
f 2134/2134/1202 2132/2132/1202 2133/2133/1202
f 2134/2134/1202 2133/2133/1202 2135/2135/1202
f 2136/2136/1202 2134/2134/1202 2135/2135/1202
f 2136/2136/1202 2135/2135/1202 2137/2137/1202
f 2138/2138/1202 2136/2136/1202 2137/2137/1202
f 2138/2138/1202 2137/2137/1202 2139/2139/1202
f 2105/2105/1202 2138/2138/1202 2139/2139/1202
f 2105/2105/1202 2139/2139/1202 2106/2106/1202
f 2140/2140/1203 2141/2141/1203 2142/2142/1203
f 2141/2141/1203 2143/2143/1203 2142/2142/1203
f 2143/2143/1203 2144/2144/1203 2142/2142/1203
f 2144/2144/1203 2145/2145/1203 2142/2142/1203
f 2145/2145/1203 2146/2146/1203 2142/2142/1203
f 2146/2146/1203 2147/2147/1203 2142/2142/1203
f 2147/2147/1203 2148/2148/1203 2142/2142/1203
f 2148/2148/1203 2149/2149/1203 2142/2142/1203
f 2149/2149/1203 2150/2150/1203 2142/2142/1203
f 2150/2150/1203 2151/2151/1203 2142/2142/1203
f 2151/2151/1203 2152/2152/1203 2142/2142/1203
f 2152/2152/1203 2153/2153/1203 2142/2142/1203
f 2153/2153/1203 2154/2154/1203 2142/2142/1203
f 2154/2154/1203 2155/2155/1203 2142/2142/1203
f 2155/2155/1203 2156/2156/1203 2142/2142/1203
f 2156/2156/1203 2157/2157/1203 2142/2142/1203
f 2157/2157/1203 2158/2158/1203 2142/2142/1203
f 2158/2158/1203 2140/2140/1203 2142/2142/1203
f 2159/2159/1204 2160/2160/1205 2161/2161/1202
f 2160/2160/1205 2162/2162/1206 2161/2161/1202
f 2162/2162/1206 2163/2163/1207 2161/2161/1202
f 2163/2163/1207 2164/2164/1208 2161/2161/1202
f 2164/2164/1208 2165/2165/1209 2161/2161/1202
f 2165/2165/1209 2166/2166/1210 2161/2161/1202
f 2166/2166/1210 2167/2167/1211 2161/2161/1202
f 2167/2167/1211 2168/2168/1212 2161/2161/1202
f 2168/2168/1212 2169/2169/1213 2161/2161/1202
f 2169/2169/1213 2170/2170/1214 2161/2161/1202
f 2170/2170/1214 2171/2171/1215 2161/2161/1202
f 2171/2171/1215 2172/2172/1216 2161/2161/1202
f 2172/2172/1216 2173/2173/1217 2161/2161/1202
f 2173/2173/1217 2174/2174/1218 2161/2161/1202
f 2174/2174/1218 2175/2175/1219 2161/2161/1202
f 2175/2175/1219 2176/2176/1220 2161/2161/1202
f 2176/2176/1220 2177/2177/1221 2161/2161/1202
f 2177/2177/1221 2159/2159/1204 2161/2161/1202
f 2178/2178/1222 2179/2179/1222 2180/2180/1223
f 2178/2178/1222 2180/2180/1223 2181/2181/1223
f 2182/2182/1224 2183/2183/1224 2184/2184/1225
f 2182/2182/1224 2184/2184/1225 2185/2185/1225
f 2181/2181/1223 2180/2180/1223 2186/2186/1226
f 2181/2181/1223 2186/2186/1226 2187/2187/1226
f 2188/2188/1227 2189/2189/1227 2183/2183/1224
f 2188/2188/1227 2183/2183/1224 2182/2182/1224
f 2187/2187/1226 2186/2186/1226 2190/2190/1228
f 2187/2187/1226 2190/2190/1228 2191/2191/1228
f 2192/2192/1229 2193/2193/1229 2189/2189/1227
f 2192/2192/1229 2189/2189/1227 2188/2188/1227
f 2191/2191/1228 2190/2190/1228 2194/2194/1230
f 2191/2191/1228 2194/2194/1230 2195/2195/1230
f 2196/2196/1231 2197/2197/1231 2193/2193/1229
f 2196/2196/1231 2193/2193/1229 2192/2192/1229
f 2195/2195/1230 2194/2194/1230 2198/2198/1232
f 2195/2195/1230 2198/2198/1232 2199/2199/1232
f 2200/2200/1233 2201/2201/1233 2197/2197/1231
f 2200/2200/1233 2197/2197/1231 2196/2196/1231
f 2199/2199/1232 2198/2198/1232 2202/2202/1234
f 2199/2199/1232 2202/2202/1234 2203/2203/1234
f 2204/2204/1235 2205/2205/1235 2201/2201/1233
f 2204/2204/1235 2201/2201/1233 2200/2200/1233
f 2203/2203/1234 2202/2202/1234 2206/2206/1236
f 2203/2203/1234 2206/2206/1236 2207/2207/1236
f 2208/2208/1237 2209/2209/1237 2205/2205/1235
f 2208/2208/1237 2205/2205/1235 2204/2204/1235
f 2207/2207/1236 2206/2206/1236 2210/2210/1238
f 2207/2207/1236 2210/2210/1238 2211/2211/1238
f 2212/2212/1239 2213/2213/1239 2209/2209/1237
f 2212/2212/1239 2209/2209/1237 2208/2208/1237
f 2211/2211/1238 2210/2210/1238 2214/2214/1240
f 2211/2211/1238 2214/2214/1240 2215/2215/1240
f 2216/2216/1241 2217/2217/1241 2213/2213/1239
f 2216/2216/1241 2213/2213/1239 2212/2212/1239
f 2218/2218/1242 2219/2219/1242 2220/2220/1243
f 2218/2218/1242 2220/2220/1243 2221/2221/1243
f 2222/2222/1244 2223/2223/1244 2224/2224/1245
f 2222/2222/1244 2224/2224/1245 2225/2225/1245
f 2221/2221/1243 2220/2220/1243 2226/2226/1246
f 2221/2221/1243 2226/2226/1246 2227/2227/1246
f 2228/2228/1247 2229/2229/1247 2223/2223/1244
f 2228/2228/1247 2223/2223/1244 2222/2222/1244
f 2227/2227/1246 2226/2226/1246 2230/2230/1248
f 2227/2227/1246 2230/2230/1248 2231/2231/1248
f 2232/2232/1249 2233/2233/1249 2229/2229/1247
f 2232/2232/1249 2229/2229/1247 2228/2228/1247
f 2231/2231/1248 2230/2230/1248 2234/2234/1250
f 2231/2231/1248 2234/2234/1250 2235/2235/1250
f 2236/2236/1251 2237/2237/1251 2233/2233/1249
f 2236/2236/1251 2233/2233/1249 2232/2232/1249
f 2235/2235/1250 2234/2234/1250 2238/2238/1252
f 2235/2235/1250 2238/2238/1252 2239/2239/1252
f 2240/2240/1253 2241/2241/1253 2237/2237/1251
f 2240/2240/1253 2237/2237/1251 2236/2236/1251
f 2239/2239/1252 2238/2238/1252 2242/2242/1254
f 2239/2239/1252 2242/2242/1254 2243/2243/1254
f 2244/2244/1255 2245/2245/1255 2241/2241/1253
f 2244/2244/1255 2241/2241/1253 2240/2240/1253
f 2243/2243/1254 2242/2242/1254 2246/2246/1256
f 2243/2243/1254 2246/2246/1256 2247/2247/1256
f 2248/2248/1257 2249/2249/1257 2245/2245/1255
f 2248/2248/1257 2245/2245/1255 2244/2244/1255
f 2247/2247/1256 2246/2246/1256 2250/2250/1258
f 2247/2247/1256 2250/2250/1258 2251/2251/1258
f 2252/2252/1259 2253/2253/1259 2249/2249/1257
f 2252/2252/1259 2249/2249/1257 2248/2248/1257
f 2251/2251/1258 2250/2250/1258 2179/2179/1222
f 2251/2251/1258 2179/2179/1222 2178/2178/1222
f 2185/2185/1225 2184/2184/1225 2253/2253/1259
f 2185/2185/1225 2253/2253/1259 2252/2252/1259
